,date_index0,date_index1,date_index2,date_index3,date_index4,date_index5,date_index6,title
0,30,33,35,28,32,40,49,Avatar
1,17,25,32,21,30,27,35,Pirates of the Caribbean: At World's End
2,33,35,39,35,31,36,47,Spectre
3,12,14,16,20,25,28,38,The Dark Knight Rises
4,19,23,29,29,28,35,44,John Carter
5,18,36,33,34,41,40,38,Spider-Man 3
6,19,19,25,30,30,27,40,Tangled
7,62,73,67,47,38,42,51,Avengers: Age of Ultron
8,38,32,35,47,54,37,55,Harry Potter and the Half-Blood Prince
9,7,10,15,12,17,23,31,Batman v Superman: Dawn of Justice
10,31,37,42,48,51,45,57,Superman Returns
11,69,83,82,62,50,47,53,Quantum of Solace
12,11,19,15,28,15,18,33,Pirates of the Caribbean: Dead Man's Chest
13,15,17,22,25,30,30,43,The Lone Ranger
14,18,19,20,20,28,32,41,Man of Steel
15,14,6,6,11,13,13,11,The Chronicles of Narnia: Prince Caspian
16,43,58,60,51,48,40,43,The Avengers
17,13,25,33,21,21,31,46,Pirates of the Caribbean: On Stranger Tides
18,22,27,32,23,23,35,44,Men in Black 3
19,30,34,54,61,70,57,65,The Hobbit: The Battle of the Five Armies
20,36,43,46,68,85,78,59,The Amazing Spider-Man
21,16,23,23,22,25,29,49,The Hobbit: The Desolation of Smaug
22,38,47,46,45,44,45,55,The Golden Compass
23,32,32,40,46,51,37,44,King Kong
24,41,47,48,40,33,34,46,Captain America: Civil War
25,49,64,69,49,47,48,53,Battleship
26,12,16,18,16,18,30,44,Jurassic World
27,74,84,81,57,47,42,51,Skyfall
28,20,30,29,30,33,35,67,Spider-Man 2
29,66,77,77,56,50,60,53,Iron Man 3
30,29,27,29,29,33,37,44,Alice in Wonderland
31,18,36,39,34,29,32,44,X-Men: The Last Stand
32,16,20,23,21,25,28,38,Monsters University
33,22,25,30,49,49,38,60,Transformers: Revenge of the Fallen
34,22,24,27,25,22,32,47,Transformers: Age of Extinction
35,15,20,17,18,21,26,32,Oz the Great and Powerful
36,36,46,47,35,46,69,87,The Amazing Spider-Man 2
37,25,25,29,26,26,29,41,TRON: Legacy
38,29,39,42,36,38,44,49,Cars 2
39,23,30,30,27,27,33,45,Green Lantern
40,18,25,31,26,27,29,38,Toy Story 3
41,17,24,31,35,32,39,51,Terminator Salvation
42,10,13,14,14,16,28,52,Furious 7
43,19,23,25,23,28,34,43,World War Z
44,13,18,19,17,21,33,46,X-Men: Days of Future Past
45,37,46,48,46,35,37,45,Star Trek Into Darkness
46,8,13,13,11,14,18,26,Jack the Giant Slayer
47,35,28,32,37,43,42,54,The Great Gatsby
48,27,45,38,33,31,26,34,Prince of Persia: The Sands of Time
49,14,15,18,21,24,26,41,Pacific Rim
50,18,18,20,29,33,33,53,Transformers: Dark of the Moon
51,26,19,45,61,58,33,54,Indiana Jones and the Kingdom of the Crystal Skull
52,13,14,17,24,27,26,33,The Good Dinosaur
53,24,32,33,28,32,33,43,Brave
54,14,21,20,19,23,33,44,Star Trek Beyond
55,8,11,11,0,15,8,8,WALL·E
56,20,28,31,36,27,32,39,Rush Hour 3
57,22,30,35,33,35,46,51,2012
58,19,24,28,29,37,45,38,A Christmas Carol
59,14,17,19,16,25,32,48,Jupiter Ascending
60,6,8,8,8,14,22,34,The Legend of Tarzan
61,0,0,0,0,0,48,0,"The Chronicles of Narnia: The Lion, the Witch and the Wardrobe"
62,57,76,77,54,49,56,81,X-Men: Apocalypse
63,16,17,19,19,25,29,38,The Dark Knight
64,70,80,75,69,70,77,73,Up
65,18,24,28,7,36,34,30,Monsters vs. Aliens
66,17,21,22,20,21,31,54,Iron Man
67,58,59,60,64,65,64,71,Hugo
68,18,17,21,21,17,25,48,The Mummy: Tomb of the Dragon Emperor
69,18,24,25,26,50,66,74,Suicide Squad
70,21,22,30,24,27,35,40,Evan Almighty
71,31,37,33,25,30,30,43,Edge of Tomorrow
72,13,12,20,17,20,30,44,G.I. Joe: The Rise of Cobra
73,15,20,21,18,20,26,35,Inside Out
74,62,89,83,61,52,48,53,Iron Man 2
75,17,22,23,25,24,32,40,Snow White and the Huntsman
76,15,20,19,21,22,34,51,Maleficent
77,11,12,16,13,16,29,38,Dawn of the Planet of the Apes
78,20,25,30,36,35,38,54,47 Ronin
79,32,43,48,38,31,39,42,Captain America: The Winter Soldier
80,9,18,13,15,17,20,30,Shrek Forever After
81,18,22,24,23,23,28,38,Tomorrowland
82,9,13,13,13,15,18,25,Big Hero 6
83,11,14,15,19,30,31,44,Wreck-It Ralph
84,22,28,42,42,41,68,0,The Polar Express
85,12,17,16,18,30,28,51,Independence Day: Resurgence
86,14,19,21,16,20,22,30,How to Train Your Dragon
87,15,15,16,15,15,21,36,Guardians of the Galaxy
88,10,12,15,14,19,29,41,Interstellar
89,10,12,11,12,14,19,24,Inception
90,55,44,44,22,27,22,45,Godzilla Resurgence
91,18,18,19,19,22,34,40,The Hobbit: An Unexpected Journey
92,15,18,21,18,28,31,41,The Curious Case of Benjamin Button
93,18,19,19,19,21,34,47,X-Men: First Class
94,15,12,30,22,16,18,37,The Hunger Games: Mockingjay - Part 2
95,16,18,15,13,8,16,24,The Sorcerer's Apprentice
96,25,25,33,43,38,38,41,Poseidon
97,14,19,19,22,26,29,45,Alice Through the Looking Glass
98,20,24,26,22,25,28,39,Shrek the Third
99,41,52,50,35,40,42,56,Warcraft
100,20,25,28,34,39,37,46,Terminator Genisys
101,32,49,51,39,36,50,61,The Chronicles of Narnia: The Voyage of the Dawn Treader
102,28,32,40,47,56,59,54,Transformers
103,58,55,65,68,70,73,66,Alexander
104,46,45,47,44,61,60,74,Harry Potter and the Order of the Phoenix
105,34,54,43,37,31,30,36,Harry Potter and the Goblet of Fire
106,23,24,29,32,37,31,53,Hancock
107,23,22,26,22,24,28,34,I Am Legend
108,26,22,28,41,40,35,46,Charlie and the Chocolate Factory
109,23,35,40,26,28,33,41,Ratatouille
110,21,23,24,31,30,35,39,Batman Begins
111,15,15,18,18,26,18,29,Madagascar: Escape 2 Africa
112,20,22,18,9,17,11,23,Night at the Museum: Battle of the Smithsonian
113,17,29,26,22,28,42,49,X-Men Origins: Wolverine
114,28,29,31,41,44,38,38,Frozen
115,41,61,62,46,40,37,40,Thor: The Dark World
116,12,15,15,22,28,30,49,Mad Max: Fury Road
117,28,26,38,29,31,47,58,Angels & Demons
118,56,79,79,58,53,48,54,Thor
119,46,49,51,52,56,56,53,Bolt
120,21,27,27,33,36,55,63,G-Force
121,18,25,23,26,22,32,44,Wrath of the Titans
122,22,23,27,24,33,41,50,Dark Shadows
123,12,14,22,16,14,14,30,Mission: Impossible - Rogue Nation
124,24,29,29,29,32,41,50,The Wolfman
125,6,8,8,8,14,22,34,The Legend of Tarzan
126,26,22,20,23,20,19,33,Bee Movie
127,13,23,24,31,25,22,28,Kung Fu Panda 2
128,23,26,34,35,30,33,49,The Last Airbender
129,16,20,14,27,29,35,49,Mission: Impossible III
130,18,18,17,17,23,30,37,White House Down
131,20,26,21,25,28,28,45,Mars Needs Moms
132,11,19,26,15,16,16,20,Flushed Away
133,59,67,65,65,65,69,74,Pan
134,27,34,36,26,28,26,33,Mr. Peabody & Sherman
135,23,26,29,30,34,33,43,Troy
136,17,0,19,16,0,16,0,Madagascar 3: Europe's Most Wanted
137,20,32,42,45,39,41,47,Ghostbusters
138,27,27,35,43,37,42,46,Beowulf
139,16,25,28,17,20,21,31,Kung Fu Panda 3
140,18,16,24,29,30,25,33,Rise of the Guardians
141,17,18,27,25,20,29,36,Fun with Dick and Jane
142,49,55,51,39,34,42,45,Exodus: Gods and Kings
143,20,28,29,23,26,29,42,How to Train Your Dragon 2
144,10,17,16,14,17,25,45,Gods of Egypt
145,43,42,35,44,46,40,53,Stealth
146,18,22,24,24,27,33,44,Watchmen
147,9,22,22,26,22,24,36,G.I. Joe: Retaliation
148,42,43,43,51,0,51,47,Sahara
149,15,16,25,22,25,33,41,Captain America: The First Avenger
150,8,9,15,20,10,28,23,The Twilight Saga: Breaking Dawn - Part 2
151,24,31,28,28,27,31,31,Happy Feet 2
152,16,26,22,26,27,26,44,The Incredible Hulk
153,11,12,16,13,16,19,44,The BFG
154,34,35,34,26,23,26,33,The Revenant
155,60,62,63,67,68,64,67,Turbo
156,16,21,23,20,23,28,37,Rango
157,11,13,16,20,23,26,28,Penguins of Madagascar
158,19,22,21,24,24,26,39,The Bourne Ultimatum
159,16,21,28,20,29,37,41,Kung Fu Panda
160,11,13,12,15,30,32,45,Ant-Man
161,14,23,24,22,25,31,43,The Hunger Games: Catching Fire
162,8,9,15,20,10,28,23,The Twilight Saga: Breaking Dawn - Part 2
163,88,90,93,90,88,85,86,Home
164,22,24,30,39,41,38,47,War of the Worlds
165,20,28,28,23,27,29,34,Puss in Boots
166,48,50,55,51,61,61,64,Salt
167,24,30,29,29,31,35,47,Noah
168,32,47,46,56,54,44,56,The Adventures of Tintin
169,29,55,51,45,34,37,46,Harry Potter and the Prisoner of Azkaban
170,92,94,81,81,94,100,94,Australia
171,17,24,25,23,24,30,45,After Earth
172,9,0,29,49,61,25,37,Harry Potter and the Deathly Hallows: Part II
173,2,17,15,14,10,14,24,Night at the Museum: Secret of the Tomb
174,13,19,18,17,22,23,43,Megamind
175,23,37,28,42,42,66,86,R.I.P.D.
176,55,44,44,22,27,22,45,Godzilla Resurgence
177,13,0,13,35,33,12,10,Harry Potter and the Deathly Hallows: Part I
178,20,56,11,28,52,30,79,The Hunger Games: Mockingjay - Part 1
179,27,27,36,40,41,61,64,The Da Vinci Code
180,31,50,49,33,34,40,43,Rio 2
181,20,21,22,23,23,27,37,Fast Five
182,16,15,26,20,35,17,30,Sherlock Holmes: A Game of Shadows
183,18,25,24,24,27,32,50,Clash of the Titans
184,19,23,21,20,23,31,52,Total Recall
185,29,45,32,28,41,40,48,The Bourne Legacy
186,23,28,34,29,40,47,50,The Day After Tomorrow
187,13,28,31,21,30,14,26,Fantastic 4: Rise of the Silver Surfer
188,12,16,18,24,22,25,29,Life of Pi
189,21,35,35,26,30,31,40,Ghost Rider
190,15,20,27,21,28,34,48,Jason Bourne
191,45,49,49,38,37,45,53,Prometheus
192,21,27,28,26,27,34,48,Elysium
193,35,37,36,50,25,41,59,The Chronicles of Riddick
194,23,32,33,24,23,30,41,Speed Racer
195,65,72,70,73,82,71,72,How Do You Know
196,16,21,20,38,30,24,30,Knight and Day
197,73,94,84,52,47,44,47,Oblivion
198,19,17,21,18,21,30,46,The Wolverine
199,23,34,33,25,26,30,33,The Croods
200,62,21,23,29,43,20,31,Asterix at the Olympic Games
201,29,33,32,30,29,34,41,The Huntsman: Winter's War
202,20,21,23,23,28,31,41,Teenage Mutant Ninja Turtles
203,34,29,31,32,33,39,50,Gravity
204,8,13,11,23,25,23,51,Teenage Mutant Ninja Turtles: Out of the Shadows
205,13,15,18,20,27,39,58,Fantastic Four
206,21,17,21,21,30,23,24,Night at the Museum
207,28,40,46,38,34,40,50,San Andreas
208,25,31,33,24,29,22,42,Ocean's Twelve
209,4,20,13,20,28,24,33,Mr. & Mrs. Smith
210,15,20,22,22,26,30,44,Insurgent
211,75,51,53,53,49,37,49,The Aviator
212,16,22,24,33,27,37,48,Gulliver's Travels
213,25,24,31,23,38,48,48,The Green Hornet
214,12,14,19,19,21,23,39,300: Rise of an Empire
215,22,28,26,33,41,37,49,The Smurfs
216,21,29,30,18,31,39,36,Home on the Range
217,45,54,58,45,48,48,51,Allegiant
218,15,21,23,21,24,25,37,Real Steel
219,22,30,28,37,46,47,59,The Smurfs 2
220,22,25,23,21,25,28,39,Ender's Game
221,17,16,19,22,33,23,37,Live Free or Die Hard
222,8,25,25,26,24,41,28,"I, Robot"
223,26,31,29,34,36,48,57,Kingdom of Heaven
224,23,31,30,27,25,31,35,The Princess and the Frog
225,16,16,19,21,26,29,40,The Martian
226,61,74,52,45,50,53,69,The Island
227,26,28,30,30,34,48,47,Casino Royale
228,23,26,23,26,31,30,48,Public Enemies
229,43,54,48,41,39,40,47,American Gangster
230,15,26,29,32,32,30,36,Little Fockers
231,14,14,16,20,21,25,31,The Other Guys
232,15,15,13,15,17,18,28,Django Unchained
233,19,26,30,25,33,32,48,The Expendables 2
234,26,24,10,20,15,20,29,National Treasure
235,35,45,46,39,40,42,52,Eragon
236,25,24,29,28,33,35,53,Where the Wild Things Are
237,59,67,65,65,65,69,74,Pan
238,45,61,56,49,46,50,55,Epic
239,18,20,27,18,35,34,36,The Tourist
240,19,30,30,28,27,23,30,Blood Diamond
241,13,12,14,13,14,15,21,The Wolf of Wall Street
242,24,24,24,30,28,34,52,Cloud Atlas
243,66,100,20,0,0,15,0,Legend of the Guardians: The Owls of Ga'Hoole
244,31,36,39,37,40,48,57,Hercules
245,21,22,28,24,23,30,54,Land of the Lost
246,39,54,55,38,38,42,58,The Expendables 3
247,41,41,74,37,62,52,37,Son of the Mask
248,41,56,49,36,40,41,46,In the Heart of the Sea
249,19,20,22,21,26,30,39,Green Zone
250,10,12,14,18,19,18,29,The Peanuts Movie
251,12,6,16,46,19,12,34,The Flowers of War
252,29,30,22,19,23,52,56,Surf's Up
253,12,35,9,16,15,32,39,The Stepford Wives
254,25,23,24,29,32,31,41,The Campaign
255,27,26,31,37,37,54,64,Sex and the City 2
256,30,40,44,38,42,43,55,Ice Age: Continental Drift
257,25,29,27,23,25,28,42,Cinderella
258,42,57,57,44,48,44,48,The Lovely Bones
259,94,95,100,83,90,50,37,The Lord of the Rings: The Return of the King
260,32,38,41,31,30,31,41,Seventh Son
261,16,17,16,20,22,30,51,Transcendence
262,14,15,15,16,19,24,36,Rise of the Planet of the Apes
263,63,33,45,34,21,20,28,The Spiderwick Chronicles
264,27,32,34,37,36,42,51,A Good Day to Die Hard
265,20,24,17,25,30,23,28,The Incredibles
266,22,27,25,16,28,35,42,Percy Jackson & the Olympians: The Lightning Thief
267,19,32,30,24,24,32,37,Unstoppable
268,24,40,32,22,21,28,34,Cloudy with a Chance of Meatballs
269,18,24,37,35,40,28,32,Ice Age: Dawn of the Dinosaurs
270,27,32,34,45,40,39,52,The Secret Life of Walter Mitty
271,20,16,23,14,17,19,27,The Departed
272,22,20,18,22,21,33,61,Tropic Thunder
273,36,37,41,40,43,45,58,The Girl with the Dragon Tattoo
274,17,17,22,19,21,24,31,Sherlock Holmes
275,14,26,25,23,20,20,36,Alvin and the Chipmunks: The Road Chip
276,24,29,37,33,34,45,48,Valkyrie
277,8,13,13,9,21,7,19,You Don't Mess with the Zohan
278,20,21,25,25,31,43,60,Pixels
279,89,62,51,96,92,80,91,Contact
280,26,38,32,25,21,38,46,The Interpreter
281,22,24,32,34,44,36,45,Percy Jackson: Sea of Monsters
282,17,22,29,23,23,35,51,Now You See Me 2
283,56,52,48,56,54,53,51,The Saint
284,12,15,19,20,26,40,59,Fantastic Four
285,36,34,52,22,29,26,54,Cinderella Man
286,38,39,0,89,37,37,37,The Nutcracker in 3D
287,29,33,39,30,30,32,42,Happy Feet
288,40,6,32,32,34,55,40,The Bourne Supremacy
289,59,90,81,50,42,51,53,The Three Musketeers
290,15,29,27,22,22,28,29,Hotel Transylvania
291,23,25,28,31,32,30,36,Enchanted
292,12,16,17,15,17,24,33,Safe House
293,17,16,19,18,20,25,37,Tower Heist
294,46,44,47,46,55,52,58,The Holiday
295,13,15,16,15,18,22,21,It's Complicated
296,25,19,28,26,30,30,44,Ocean's Thirteen
297,40,36,29,31,31,25,41,Open Season
298,18,20,21,22,23,32,44,Divergent
299,68,57,67,59,55,48,52,Memoirs of a Geisha
300,16,22,28,17,20,36,46,The Fast and the Furious: Tokyo Drift
301,22,22,35,37,35,32,40,Arthur Christmas
302,74,78,81,71,72,72,72,Mirror Mirror
303,28,30,27,33,43,59,69,Scott Pilgrim vs. the World
304,39,40,40,34,36,43,49,Dredd
305,54,62,58,59,57,54,62,Click
306,46,43,43,11,0,43,43,Cats & Dogs: The Revenge of Kitty Galore
307,23,28,33,35,30,32,37,Jumper
308,22,28,53,36,36,28,19,Hellboy II: The Golden Army
309,41,43,58,41,46,49,54,Zodiac
310,34,37,39,36,39,41,50,The Expendables
311,25,28,29,30,34,42,55,The Hunger Games
312,7,10,16,9,16,13,32,The Hangover Part II
313,24,25,24,28,23,29,41,Over the Hedge
314,55,55,70,69,43,56,57,Charlotte's Web
315,47,53,51,47,48,48,59,RED 2
316,10,18,17,17,16,27,25,The Longest Yard
317,28,41,36,21,24,23,30,Alvin and the Chipmunks: Chipwrecked
318,14,21,23,19,28,36,44,Grown Ups 2
319,14,23,21,16,17,29,34,Get Smart
320,30,45,18,69,50,43,32,Something's Gotta Give
321,14,16,20,17,20,23,32,Shutter Island
322,18,20,25,36,30,23,41,Four Christmases
323,33,36,43,43,40,47,48,Robots
324,10,17,21,24,19,24,28,Bedtime Stories
325,27,34,38,30,33,35,44,Just Go with It
326,13,17,19,18,18,23,27,Eagle Eye
327,92,75,100,74,88,47,33,Cold Mountain
328,18,19,28,22,28,26,32,The Book of Eli
329,40,36,51,21,23,36,34,The Pink Panther
330,18,26,32,32,36,41,51,The Day the Earth Stood Still
331,28,27,28,27,26,35,41,Fury
332,24,26,33,30,48,45,40,Yogi Bear
333,17,22,22,22,26,28,39,Zookeeper
334,4,5,5,5,5,4,7,Lost in Space
335,20,43,24,25,28,11,29,The Manchurian Candidate
336,40,20,22,87,42,10,0,Déjà Vu
337,18,29,31,19,23,28,37,Hotel Transylvania 2
338,18,22,38,25,14,21,54,The Legend of Zorro
339,13,18,23,26,25,25,32,The Brothers Grimm
340,16,26,28,23,22,31,39,Surrogates
341,32,65,56,58,64,55,58,Walking with Dinosaurs 3D
342,77,77,76,64,68,62,71,Nine
343,53,69,66,40,40,32,42,Biutiful
344,40,32,48,33,32,30,34,Bandidas
345,0,0,0,0,0,0,0,Black Water Transit
346,18,23,26,21,23,33,37,The Maze Runner
347,8,9,10,12,16,25,33,Unfinished Business
348,18,30,23,34,28,28,41,The Fountain
349,43,40,45,48,38,46,42,Stolen
350,25,30,23,25,25,29,38,Ponyo
351,17,18,19,22,24,32,44,The Longest Ride
352,18,20,29,28,39,43,56,Playing for Keeps
353,56,86,69,87,75,50,61,Mandela: Long Walk to Freedom
354,31,21,29,23,36,32,39,The Darkest Hour
355,29,28,31,25,36,43,46,Step Up Revolution
356,21,21,21,22,33,35,46,Snakes on a Plane
357,39,32,45,33,25,32,30,The Watcher
358,5,6,6,9,8,8,9,The Punisher
359,31,40,42,38,39,41,45,Doomsday
360,38,41,42,30,24,27,27,The Reader
361,30,36,30,37,36,61,65,Wanderlust
362,19,16,16,15,23,31,45,Nacho Libre
363,14,16,19,17,20,20,28,Bridesmaids
364,19,14,18,18,19,22,38,This Is the End
365,15,17,17,17,23,18,28,Takers
366,23,24,26,27,38,46,50,The Big Wedding
367,44,0,51,0,0,0,0,"Big Mommas: Like Father, Like Son"
368,28,21,24,30,33,33,44,Source Code
369,21,22,26,23,33,30,54,The Number 23
370,13,15,31,26,26,25,45,The Young and Prodigious T.S. Spivet
371,0,0,0,0,0,33,0,Dreamer: Inspired by a True Story
372,58,51,31,49,29,33,45,A History of Violence
373,26,26,29,24,25,27,40,Transporter 2
374,26,40,13,8,62,24,100,Laws of Attraction
375,32,34,42,31,39,42,47,Repo Men
376,0,25,24,0,17,17,35,Dragon Wars: D-War
377,12,20,22,18,26,25,33,The Incredible Burt Wonderstone
378,38,57,100,35,44,62,4,The Good German
379,31,27,28,24,27,35,44,Going the Distance
380,72,65,69,77,76,76,89,Criminal
381,81,77,100,96,89,85,84,Flight
382,76,94,93,60,50,54,57,The Grand Budapest Hotel
383,72,72,63,60,57,69,75,Frequency
384,18,32,43,45,41,40,48,Ghostbusters
385,65,64,67,61,68,72,81,Vacation
386,19,20,22,19,30,30,40,The Vow
387,21,20,29,29,23,38,37,Extraordinary Measures
388,42,27,33,36,38,30,28,Lee Daniels' The Butler
389,0,0,51,0,91,0,31,Dodgeball: A True Underdog Story
390,13,11,15,16,19,22,33,District 9
391,34,68,57,42,46,51,16,The SpongeBob SquarePants Movie
392,30,34,26,39,63,43,32,Million Dollar Baby
393,21,20,29,27,26,29,36,The Notebook
394,47,46,40,29,25,28,36,27 Dresses
395,14,22,19,17,17,18,28,Hannah Montana: The Movie
396,38,25,28,34,32,27,28,Up in the Air
397,19,20,25,21,24,27,37,Warm Bodies
398,13,17,19,17,18,24,36,Looper
399,16,16,21,24,26,28,49,Hope Springs
400,19,17,22,31,28,21,31,Forgetting Sarah Marshall
401,0,12,24,7,15,15,8,Four Brothers
402,15,17,13,19,27,28,43,Baby Mama
403,16,18,20,19,28,26,35,Bride Wars
404,10,24,24,11,17,30,23,Without a Paddle
405,36,48,40,18,25,8,32,13 Going on 30
406,42,63,66,37,33,38,34,Midnight in Paris
407,14,21,23,15,18,18,33,The Nut Job
408,52,50,24,32,31,63,31,The Curse of the Were-Rabbit
409,26,15,18,23,17,26,40,P.S. I Love You
410,38,54,42,31,27,67,41,Racing Stripes
411,75,81,83,49,41,39,42,Atonement
412,22,34,49,24,26,31,35,Letters to Juliet
413,24,33,35,25,45,42,53,The Three Stooges
414,48,57,49,36,30,35,39,Corpse Bride
415,21,53,31,23,26,24,48,Glory Road
416,38,48,46,35,30,34,44,Sicario
417,18,21,18,21,26,30,39,Southpaw
418,24,24,28,24,30,38,56,Drag Me to Hell
419,13,17,16,16,23,35,37,The Age of Adaline
420,25,29,33,30,33,35,44,Step Up 3D
421,24,16,12,15,25,28,37,Stranger Than Fiction
422,26,24,29,29,32,35,41,30 Days of Night
423,15,13,16,16,18,24,34,The Cabin in the Woods
424,27,31,31,42,38,33,53,Meet the Spartans
425,55,53,54,43,47,53,61,Hanna
426,17,16,15,23,34,47,50,Larry Crowne
427,17,21,27,23,18,24,30,Take the Lead
428,25,40,20,30,22,34,31,Gridiron Gang
429,61,64,67,80,83,78,75,9
430,77,76,74,75,85,86,90,Side Effects
431,9,31,16,18,15,16,16,The Prince and Me
432,24,27,24,25,25,31,38,Get on Up
433,41,0,11,13,40,28,28,My Super Ex-Girlfriend
434,16,16,22,19,25,27,34,Deliver Us from Evil
435,21,21,26,23,29,33,45,Sanctum
436,8,32,0,23,37,46,61,Little Black Book
437,9,11,16,9,27,31,27,The Five-Year Engagement
438,0,18,0,0,11,11,11,Mr 3000
439,11,13,15,21,22,21,33,The Next Three Days
440,34,36,37,35,38,38,39,Ultraviolet
441,25,47,100,58,53,42,21,Love & Other Drugs
442,28,37,39,28,35,36,41,88 Minutes
443,39,27,24,34,34,31,47,North Country
444,10,21,20,10,38,29,43,The Whole Ten Yards
445,16,18,19,19,24,26,41,Splice
446,17,18,27,20,24,38,36,Pride and Glory
447,35,27,36,32,28,54,40,The Cave
448,20,15,29,16,21,16,19,Wicker Park
449,62,60,69,46,51,52,46,The New World
450,40,55,55,42,48,59,65,Dragonball: Evolution
451,22,24,28,28,34,44,54,The Last Stand
452,35,39,51,28,94,44,57,Godsend
453,15,11,14,0,12,21,27,Chasing Liberty
454,100,95,64,41,30,12,49,An Unfinished Life
455,73,81,78,46,49,48,37,The Imaginarium of Doctor Parnassus
456,32,65,64,7,58,7,15,Barney's Version
457,71,73,80,67,60,63,69,Runner Runner
458,17,22,18,19,32,33,43,Dead Man Down
459,18,65,49,16,40,41,0,The Merchant of Venice
460,36,33,62,57,51,64,55,Supercross
461,43,49,36,13,30,26,40,Miss Potter
462,21,19,21,20,19,21,39,The Promise
463,31,28,81,55,37,9,19,DOA: Dead or Alive
464,34,30,29,61,20,31,93,The Assassination of Jesse James by the Coward Robert Ford
465,55,68,78,65,63,66,66,1911
466,47,24,26,0,0,0,23,Little Nicholas
467,5,7,7,9,9,4,5,Wild Card
468,43,70,53,59,56,56,66,Machine Gun Preacher
469,100,30,18,88,14,0,57,Animals United
470,36,12,59,29,24,24,30,United Passions
471,8,8,12,12,11,13,18,Grace of Monaco
472,0,0,0,0,0,0,0,A Warrior's Tail
473,10,12,13,13,18,24,33,Sausage Party
474,16,25,24,20,22,27,34,Pitch Perfect 2
475,35,33,29,31,30,38,59,Walk the Line
476,25,32,30,23,26,14,81,Frost/Nixon
477,24,33,32,27,32,35,44,The Boss
478,30,24,53,20,0,40,45,Seed of Chucky
479,23,66,20,28,31,39,61,The Jacket
480,23,33,27,23,25,26,40,Straight Outta Compton
481,17,14,20,15,19,21,39,Florence Foster Jenkins
482,9,17,23,23,19,23,29,Role Models
483,15,16,17,23,23,19,29,The Big Short
484,28,28,30,23,27,38,33,Taking Woodstock
485,24,41,32,29,25,36,32,Miracle
486,18,20,20,25,34,36,40,Dawn of the Dead
487,13,22,12,12,8,7,4,Harlock: Space Pirate
488,26,25,30,26,29,32,27,Last Vegas
489,23,22,27,28,33,35,42,Safe Haven
490,23,64,30,32,26,40,45,No Reservations
491,18,20,24,18,24,24,30,Kick-Ass
492,24,21,20,26,31,40,43,30 Minutes or Less
493,3,3,4,5,7,12,22,"Alexander and the Terrible, Horrible, No Good, Very Bad Day"
494,47,41,37,21,50,40,39,Pride & Prejudice
495,18,19,22,21,22,24,43,3 Days to Kill
496,16,17,23,20,28,31,44,We Own the Night
497,31,35,24,11,31,29,25,Just My Luck
498,16,22,19,6,20,20,35,The Spy Next Door
499,6,11,8,11,20,23,31,Our Brand Is Crisis
500,21,22,21,23,25,33,40,Pride and Prejudice and Zombies
501,30,15,29,5,28,17,29,How to Lose Friends & Alienate People
502,25,26,22,31,34,41,50,Kick-Ass 2
503,27,36,41,25,31,45,51,Brick Mansions
504,11,15,14,13,12,19,26,Knocked Up
505,32,40,39,42,56,58,59,My Sister's Keeper
506,0,0,0,0,0,0,0,"Welcome Home, Roscoe Jenkins"
507,45,53,28,43,63,67,54,Notes on a Scandal
508,31,31,23,27,29,36,41,Rendition
509,44,54,47,46,53,61,56,The Sisterhood of the Traveling Pants 2
510,20,14,20,15,22,25,36,Joyful Noise
511,19,21,30,18,24,15,28,Lucky Number Slevin
512,11,12,11,13,14,14,15,Anonymous
513,70,68,66,58,42,49,67,The Duchess
514,19,23,17,17,24,34,34,Case 39
515,18,0,0,38,16,65,38,Suspect Zero
516,11,16,7,13,15,31,38,Martian Child
517,15,35,0,43,28,0,27,Spy Kids: All the Time in the World in 4D
518,7,7,8,10,10,15,35,Money Monster
519,0,10,45,66,39,28,58,Mindhunters
520,38,48,27,35,15,26,26,What Just Happened
521,52,0,8,57,38,21,16,The Statement
522,11,14,21,6,22,22,21,Paul Blart: Mall Cop
523,12,0,17,11,0,0,11,The 40-Year-Old Virgin
524,12,16,13,14,17,25,37,A Walk Among the Tombstones
525,25,30,31,33,36,47,58,Pineapple Express
526,10,12,13,12,16,16,28,Flatliners
527,29,27,27,27,30,39,46,Red Eye
528,27,28,30,35,38,48,34,Legion
529,17,21,42,20,30,40,50,Pain & Gain
530,29,34,40,34,41,42,41,In Good Company
531,78,87,85,84,77,75,78,Brothers
532,0,0,0,0,0,0,0,Agent Cody Banks 2: Destination London
533,3,3,5,5,6,6,6,New Year's Eve
534,39,38,42,38,49,50,61,The Raven
535,0,25,30,15,22,7,34,Welcome to Mooseport
536,2,2,2,4,3,3,1,Accidental Love
537,5,5,3,5,9,14,32,Self/less
538,33,16,35,24,23,8,14,The Constant Gardener
539,19,19,22,22,30,33,41,The Passion of the Christ
540,55,51,51,43,28,30,36,Gran Torino
541,76,67,61,75,75,77,75,W.
542,55,60,60,57,52,54,58,Taken
543,31,36,30,33,30,43,53,The Best of Me
544,41,45,42,40,44,48,52,The Help
545,73,80,61,55,45,57,73,The Fifth Estate
546,0,0,0,100,0,0,0,Scooby-Doo 2: Monsters Unleashed
547,41,29,25,52,34,29,43,Viy
548,4,5,2,4,10,6,13,The Face of an Angel
549,14,16,21,17,20,24,33,Cloverfield
550,32,44,64,79,64,55,42,No Country for Old Men
551,11,15,16,12,14,17,24,Ride Along
552,11,12,18,22,19,28,30,Parental Guidance
553,24,24,20,23,23,25,28,No Strings Attached
554,33,35,41,29,26,36,37,Final Destination 3
555,25,31,32,32,41,39,48,The Lucky One
556,21,28,27,16,18,18,27,Bridge to Terabithia
557,40,37,50,52,25,23,19,Finding Neverland
558,10,19,23,20,23,31,20,A Madea Christmas
559,17,18,25,22,22,22,28,The Grey
560,26,26,24,17,33,26,42,Hide and Seek
561,0,0,0,0,0,0,0,Anchorman: The Legend of Ron Burgundy
562,11,27,34,34,34,20,33,Nanny McPhee
563,13,14,24,19,24,25,35,Contraband
564,41,52,57,42,75,50,38,There Will Be Blood
565,18,17,24,48,32,27,21,The Sisterhood of the Traveling Pants
566,15,12,28,15,29,23,37,The House Bunny
567,22,38,17,50,29,24,25,Beauty Shop
568,48,58,53,38,39,42,43,Million Dollar Arm
569,18,24,22,34,35,34,45,The Giver
570,14,19,26,18,23,23,32,Good Luck Chuck
571,6,10,8,10,9,14,18,She's the Man
572,10,27,26,36,35,18,18,Mr. Bean's Holiday
573,59,0,0,52,0,0,53,Anacondas: The Hunt for the Blood Orchid
574,21,20,30,30,98,46,59,Blood Ties
575,14,17,26,32,36,22,28,August Rush
576,15,14,27,23,30,30,35,The Sitter
577,19,22,21,15,22,33,39,Dance Flick
578,9,11,11,13,12,17,35,The Gambler
579,37,42,37,31,32,56,62,August: Osage County
580,16,23,32,21,29,34,44,Ice Princess
581,3,4,6,9,9,7,19,A Lot Like Love
582,22,29,32,22,41,30,53,Eddie the Eagle
583,21,22,23,24,32,31,34,Dear John
584,16,26,25,26,25,37,41,The Losers
585,25,26,26,28,29,36,45,Don't Be Afraid of the Dark
586,61,69,75,60,59,59,61,War
587,11,22,14,26,22,17,24,EuroTrip
588,23,39,69,47,21,49,22,Unaccompanied Minors
589,26,47,18,29,52,100,60,The Greatest Game Ever Played
590,51,50,53,51,51,53,59,The Box
591,21,25,28,25,32,27,36,The Ruins
592,22,32,29,29,28,33,38,My Soul to Take
593,74,81,81,69,66,70,73,Legend
594,48,37,38,44,45,43,51,Hot Rod
595,18,24,32,23,23,27,37,Shark Night 3D
596,29,21,20,16,18,20,24,Draft Day
597,31,34,31,33,64,41,51,The Conspirator
598,20,20,31,27,29,49,47,Lords of Dogtown
599,17,22,20,21,23,34,38,The 33
600,44,45,16,53,51,99,14,A Perfect Plan
601,61,70,82,65,58,61,66,Warrior
602,13,36,37,30,32,39,49,Stop-Loss
603,31,36,34,28,32,36,51,The Possession
604,33,27,42,28,33,39,51,Straw Dogs
605,42,66,44,19,26,21,54,The Hoax
606,64,61,63,54,55,56,50,The Road
607,0,0,0,0,0,7,14,Underclassman
608,44,41,0,40,13,40,27,The World's Fastest Indian
609,21,21,21,22,33,35,46,Snakes on a Plane
610,17,0,0,15,0,0,17,King's Ransom
611,37,28,34,29,38,45,50,Blindness
612,24,43,25,21,31,18,42,BloodRayne
613,18,22,20,19,22,32,54,The Last Witch Hunter
614,38,34,21,29,41,33,25,Red Planet
615,19,29,22,14,36,29,49,Arthur and the Invisibles
616,38,36,36,54,50,46,64,Oceans
617,41,42,41,32,41,42,26,A Sound of Thunder
618,24,27,33,33,33,39,53,Pompeii
619,44,56,49,35,35,49,51,Journey 2: The Mysterious Island
620,20,28,28,20,17,19,27,Cloudy with a Chance of Meatballs 2
621,27,30,63,20,46,64,35,Hidalgo
622,15,20,20,20,20,21,32,Jack and Jill
623,13,21,27,16,19,21,21,The Little Prince
624,25,24,21,35,28,37,36,The Invasion
625,19,27,24,20,23,30,43,The Secret Life of Pets
626,23,23,32,42,45,40,51,Despicable Me 2
627,29,30,35,32,40,43,51,Madagascar
628,43,36,29,33,36,37,39,Children of Men
629,34,44,42,33,37,40,45,Wanted
630,18,19,24,19,26,10,25,Ice Age: The Meltdown
631,18,31,17,16,18,22,24,50 First Dates
632,32,28,34,30,32,39,40,Hairspray
633,11,17,17,13,55,30,40,Exorcist: The Beginning
634,19,19,18,16,17,20,35,Now You See Me
635,15,14,19,21,23,23,41,Grown Ups
636,49,46,40,25,33,35,35,The Terminal
637,21,42,45,24,37,39,39,Hotel for Dogs
638,18,15,15,9,16,8,21,Charlie Wilson's War
639,39,26,33,39,37,35,45,Shark Tale
640,26,21,28,24,32,42,31,Dreamgirls
641,20,52,19,14,28,27,42,Be Cool
642,67,70,64,74,71,48,50,Munich
643,35,50,43,42,44,49,56,Killers
644,2,4,2,6,11,14,31,The Man from U.N.C.L.E.
645,29,30,21,34,31,34,45,Spanglish
646,13,26,38,21,28,36,58,Monster House
647,13,15,18,17,19,23,34,Immortals
648,23,20,34,19,24,27,31,Hostage
649,80,85,75,58,66,72,74,Carriers
650,17,0,25,20,67,32,33,Flight of the Phoenix
651,50,56,61,50,51,59,65,Minions
652,15,16,18,19,20,27,40,Sucker Punch
653,27,37,37,25,25,26,33,The Angry Birds Movie
654,18,20,16,19,27,32,37,Fool's Gold
655,21,24,23,17,22,28,37,Funny People
656,42,46,51,37,38,48,59,The Kingdom
657,0,26,0,0,32,16,50,Talladega Nights: The Ballad of Ricky Bobby
658,26,23,30,27,35,43,45,Jarhead
659,26,32,37,36,37,48,60,The Simpsons Movie
660,42,26,55,35,50,33,69,Two Brothers
661,20,17,23,22,26,29,40,The Village
662,19,23,30,35,28,30,38,Shrek 2
663,67,73,71,75,71,71,71,Cars
664,6,9,8,9,8,9,13,The SpongeBob Movie: Sponge Out of Water
665,11,18,20,16,18,25,37,Inglourious Basterds
666,31,35,38,36,42,51,58,Hercules
667,17,17,10,25,22,29,23,S.W.A.T.
668,19,25,18,23,23,40,46,Lady in the Water
669,11,0,0,0,10,20,10,AVP: Alien vs. Predator
670,19,20,26,36,37,39,56,Alvin and the Chipmunks: The Squeakquel
671,13,16,19,18,19,25,34,Olympus Has Fallen
672,15,16,21,18,19,23,34,Battle Los Angeles
673,70,44,59,78,26,35,46,Big Fish
674,85,88,95,96,98,86,83,Wolf
675,28,27,30,28,33,40,47,War Horse
676,26,22,30,21,32,35,58,The Monuments Men
677,20,27,32,25,34,38,49,Wall Street: Money Never Sleeps
678,48,58,56,38,38,43,47,Dracula Untold
679,25,34,37,27,38,41,48,Stardust
680,26,27,20,25,30,35,40,The Dilemma
681,39,48,50,35,42,46,50,Doom
682,14,21,21,18,23,25,31,Underworld: Awakening
683,21,29,31,30,32,38,45,Rock of Ages
684,20,31,35,27,32,28,36,Killer Elite
685,0,0,0,0,25,25,0,Legends of Oz: Dorothy's Return
686,14,15,20,16,19,35,41,Blackhat
687,21,14,18,21,38,39,29,Sky Captain and the World of Tomorrow
688,29,40,42,38,53,66,65,Basic Instinct 2
689,21,26,26,27,25,34,45,Escape Plan
690,17,18,26,23,28,37,51,The Legend of Hercules
691,10,25,28,28,32,35,43,The Twilight Saga: Eclipse
692,14,16,17,17,24,28,34,Despicable Me
693,16,23,30,22,25,32,50,Ted 2
694,68,56,56,64,69,72,83,Agora
695,16,15,15,19,21,27,30,Hall Pass
696,12,14,21,22,21,23,35,The Finest Hours
697,15,15,22,26,28,34,42,Body of Lies
698,16,14,17,15,21,22,31,Dinner for Schmucks
699,24,25,28,31,34,42,51,Abraham Lincoln: Vampire Hunter
700,18,26,26,26,27,30,32,The Last Legion
701,36,44,45,34,36,41,47,Need for Speed
702,82,86,78,72,68,61,67,Lincoln
703,20,21,23,24,25,35,57,Total Recall
704,24,31,21,35,29,29,41,Les Misérables
705,18,23,19,16,21,19,24,Step Brothers
706,23,20,23,26,33,31,39,Due Date
707,16,16,14,19,21,24,34,Unbroken
708,33,41,57,48,51,50,46,World Trade Center
709,99,50,65,62,100,16,30,Mona Lisa Smile
710,28,29,39,39,38,35,42,The Dictator
711,63,57,63,65,68,68,78,Focus
712,22,28,28,30,46,45,37,This Means War
713,20,42,31,46,60,48,26,Blade: Trinity
714,18,20,25,20,25,30,38,Resident Evil: Retribution
715,19,19,20,23,34,29,35,Death Race
716,24,33,39,43,46,42,37,We Are Marshall
717,14,21,12,23,24,32,44,"I, Frankenstein"
718,43,43,44,43,26,41,47,Oliver Twist
719,36,30,49,44,41,44,59,Elektra
720,23,25,26,29,31,45,52,Sin City: A Dame to Kill For
721,73,96,89,63,61,63,65,Everest
722,22,79,30,29,74,53,34,Perfume: The Story of a Murderer
723,25,34,43,26,33,38,37,Astro Boy
724,28,36,34,35,43,45,44,Dragon Blade
725,46,100,68,21,0,0,0,Littleman
726,14,14,16,17,22,20,27,The Love Guru
727,51,55,81,79,84,68,63,The Hateful Eight
728,16,14,17,17,20,25,34,Blades of Glory
729,64,70,70,65,67,68,71,Hop
730,28,33,36,32,34,35,42,300
731,14,26,32,29,48,34,48,Meet the Fockers
732,26,22,23,20,22,23,29,Marley & Me
733,31,47,30,22,21,21,28,Wild Hogs
734,32,30,32,34,45,44,53,Chicken Little
735,16,17,18,17,22,31,45,Gone Girl
736,18,25,28,23,28,30,42,2 Guns
737,22,19,24,21,27,29,40,Couples Retreat
738,21,28,33,39,44,32,22,Cheaper by the Dozen 2
739,45,36,41,47,69,70,45,The Scorch Trials
740,27,27,32,31,37,45,57,Eat Pray Love
741,84,91,90,80,76,79,81,RED
742,36,34,31,48,49,43,36,Collateral
743,20,15,21,15,20,23,23,Ladder 49
744,17,23,34,20,24,28,32,Jack Reacher
745,16,19,22,27,30,33,47,This Is It
746,11,16,23,16,21,23,29,Contagion
747,18,22,15,15,18,22,28,Coraline
748,18,22,22,23,28,34,47,The Happening
749,11,9,11,15,16,25,23,Man on Fire
750,24,11,37,7,11,41,26,The Shaggy Dog
751,18,24,22,20,27,35,43,ParaNorman
752,100,51,45,66,64,37,27,Paycheck
753,24,30,30,34,42,40,44,The Tale of Despereaux
754,16,20,26,24,30,37,53,Jack Ryan: Shadow Recruit
755,48,49,53,50,55,58,69,Joy
756,9,11,14,11,16,21,47,London Has Fallen
757,15,18,17,16,19,21,17,Shooter
758,14,25,20,17,18,25,33,The Boxtrolls
759,11,17,17,13,20,20,23,The Lego Movie
760,92,100,0,0,0,0,0,Miss Congeniality 2: Armed and Fabulous
761,18,22,27,21,29,38,42,Gangster Squad
762,34,37,35,37,45,47,59,Year One
763,36,29,31,30,37,32,43,Invictus
764,10,13,16,19,21,20,26,State of Play
765,13,15,16,18,20,28,35,Duplicity
766,15,22,24,20,20,23,33,Planet 51
767,23,26,24,23,29,30,38,Trouble with the Curve
768,19,14,27,27,26,39,34,Edge of Darkness
769,12,18,21,23,22,29,47,Righteous Kill
770,23,20,23,25,36,38,43,The Soloist
771,4,12,12,15,8,31,25,Garfield 2
772,17,18,24,30,11,23,23,xXx: State of the Union
773,37,42,46,37,38,51,52,Priest
774,46,60,63,53,50,43,45,The Avengers
775,40,43,50,28,38,53,56,The Black Dahlia
776,28,21,31,35,30,45,33,Flyboys
777,12,17,27,26,27,32,41,Winter's Tale
778,16,17,16,25,22,25,31,The Mortal Instruments: City of Bones
779,15,20,23,19,25,34,36,Meet Dave
780,16,11,18,15,23,25,33,Dark Water
781,26,46,31,25,25,35,44,Inkheart
782,33,38,46,43,44,41,49,The Spirit
783,13,14,17,21,24,30,49,Mortdecai
784,0,36,36,27,26,0,53,In the Name of the King: A Dungeon Siege Tale
785,25,28,32,35,34,35,44,The Great Raid
786,13,17,20,21,25,35,48,Deadpool
787,31,40,48,31,28,28,42,American Sniper
788,19,27,22,23,23,32,43,Goosebumps
789,25,15,23,14,26,20,23,Just Like Heaven
790,21,8,20,18,26,34,49,Leatherheads
791,2,5,4,3,2,4,7,The Ridiculous 6
792,16,20,19,7,29,23,54,Did You Hear About the Morgans?
793,15,19,22,17,20,33,38,The Internship
794,21,26,30,28,27,29,38,Resident Evil: Afterlife
795,21,25,25,17,22,28,36,Red Tails
796,8,11,11,9,14,20,25,That's My Boy
797,58,36,44,9,0,44,19,After the Sunset
798,15,24,25,22,23,27,40,Ghost Rider: Spirit of Vengeance
799,13,39,12,14,22,24,18,The Pacifier
800,17,25,23,33,28,38,33,Walking Tall
801,25,42,37,27,33,29,38,Alvin and the Chipmunks
802,15,21,28,21,20,27,34,Captain Phillips
803,16,18,21,16,22,29,37,Date Night
804,16,21,21,17,20,30,39,The Equalizer
805,16,27,37,39,28,32,29,The Pursuit of Happyness
806,17,18,20,8,10,20,17,Flightplan
807,27,10,90,0,0,31,57,Kill Bill: Vol. 2
808,17,12,29,29,6,25,39,Mr. Popper's Penguins
809,19,24,28,27,21,46,38,The Forbidden Kingdom
810,27,34,32,26,29,31,33,Free Birds
811,41,51,47,35,30,35,39,Paddington
812,55,70,74,64,59,56,62,The Watch
813,51,39,36,38,37,38,42,Instinct
814,41,100,75,30,35,45,18,Stuck on You
815,20,29,24,23,22,32,31,Semi-Pro
816,100,75,64,56,41,55,45,Changeling
817,34,32,35,60,42,42,47,The Phantom of the Opera
818,23,44,24,38,36,44,51,Elizabeth: The Golden Age
819,0,0,0,0,0,100,0,Æon Flux
820,28,12,17,12,22,35,36,Imagine That
821,16,21,23,20,21,24,27,Muppets Most Wanted
822,50,59,72,42,38,38,47,Thunderbirds
823,44,39,42,43,37,45,47,Burlesque
824,31,56,55,43,28,48,35,A Very Long Engagement
825,15,17,18,27,18,53,65,Seven Pounds
826,26,26,32,34,35,35,57,Bullet to the Head
827,28,31,24,31,34,33,41,Elizabethtown
828,0,12,18,7,11,33,23,"You, Me and Dupree"
829,40,33,22,30,35,54,42,All the King's Men
830,19,20,24,21,30,28,38,Black Mass
831,36,24,34,36,30,33,38,Flags of Our Fathers
832,13,13,17,21,18,27,36,Law Abiding Citizen
833,20,24,24,26,27,28,47,Grindhouse
834,58,55,39,37,56,45,54,Lucky You
835,44,59,55,39,31,36,53,Zero Dark Thirty
836,22,10,5,25,28,22,37,The Break-Up
837,19,18,21,28,37,37,42,Valentine's Day
838,22,15,17,15,43,62,56,The Change-Up
839,15,17,11,11,12,14,17,From Paris with Love
840,22,21,26,26,26,30,40,Barnyard
841,16,12,26,28,31,22,29,Deck the Halls
842,19,20,25,22,18,29,40,The Twilight Saga: New Moon
843,13,21,19,18,21,25,41,The Adjustment Bureau
844,27,7,0,33,24,21,35,Anchorman 2: The Legend Continues
845,15,18,18,25,21,27,41,Super 8
846,28,37,35,28,32,36,41,22 Jump Street
847,13,19,18,19,21,22,32,Yes Man
848,8,13,14,12,16,20,34,Central Intelligence
849,7,9,13,10,14,16,19,Daddy's Home
850,12,13,14,15,17,21,30,Into the Woods
851,12,21,19,13,24,19,26,Inside Man
852,26,25,35,27,29,30,42,We Bought a Zoo
853,16,19,24,20,24,23,33,Knowing
854,27,36,15,12,20,20,43,Failure to Launch
855,26,34,44,25,32,41,49,The Ring Two
856,25,0,0,23,0,24,47,"Crazy, Stupid, Love."
857,45,65,54,39,41,55,75,Garfield
858,14,27,84,39,42,35,77,Christmas with the Kranks
859,19,15,16,26,33,31,36,Moneyball
860,23,28,26,20,30,37,48,Non-Stop
861,15,21,24,17,25,24,34,Race to Witch Mountain
862,14,18,18,17,21,25,29,V for Vendetta
863,23,24,32,22,19,27,45,Herbie Fully Loaded
864,8,26,2,22,16,44,42,Hansel & Gretel: Witch Hunters
865,22,24,26,24,25,27,43,I Am Number Four
866,15,36,44,33,26,27,21,Syriana
867,19,19,20,25,22,29,44,13 Hours
868,15,19,16,17,21,27,36,The Book of Life
869,79,91,78,74,80,72,71,Firewall
870,23,27,28,24,22,28,28,Silent Hill
871,16,21,20,19,23,34,45,American Reunion
872,9,11,10,14,21,26,39,Into the Storm
873,32,49,40,20,21,28,36,Resident Evil: Apocalypse
874,67,72,100,41,13,18,23,Bridget Jones: The Edge of Reason
875,0,0,0,0,0,0,0,The Adventures of Sharkboy and Lavagirl 3-D
876,18,27,18,23,16,18,26,Raising Helen
877,15,19,23,27,28,29,34,Ninja Assassin
878,22,31,32,29,28,36,45,Marmaduke
879,24,23,31,20,20,26,38,Hereafter
880,31,36,39,42,40,38,48,Hannibal Rising
881,29,33,40,36,39,47,62,The Host
882,58,38,12,0,26,22,50,The Life Aquatic with Steve Zissou
883,12,12,16,23,17,21,35,Free State of Jones
884,7,8,8,11,8,11,22,Man of the House
885,11,15,16,16,22,27,53,Run All Night
886,51,57,43,42,23,26,43,Eastern Promises
887,20,24,24,30,15,35,43,Into the Blue
888,24,27,28,27,34,35,72,Your Highness
889,19,23,22,19,26,31,43,Dream House
890,72,100,86,51,54,51,47,Fair Game
891,32,43,46,39,39,43,56,Gamer
892,28,30,31,36,37,37,47,Beautiful Creatures
893,27,33,35,23,26,51,55,Zoolander 2
894,29,21,21,9,34,26,40,The Big Bounce
895,24,25,51,37,32,39,57,Drive Angry
896,0,20,10,29,0,15,44,Street Fighter: The Legend of Chun-Li
897,23,23,21,20,27,29,37,Pirate Radio
898,36,58,86,64,70,100,64,Anna Karenina
899,16,20,26,22,25,37,53,Chappie
900,0,24,0,26,0,74,0,The Tooth Fairy
901,15,20,20,27,27,52,77,Child 44
902,0,57,56,54,25,39,13,3:10 to Yuma
903,19,26,28,21,23,27,43,Taken 3
904,45,48,51,54,56,56,63,Earth
905,14,13,10,14,30,9,37,Happily N'Ever After
906,83,88,74,87,84,96,88,Insomnia
907,21,26,29,21,29,35,42,Jonah Hex
908,5,6,8,10,14,13,18,The Infiltrator
909,25,27,30,26,29,42,46,Taken 2
910,15,22,14,16,20,25,32,Journey to the Center of the Earth
911,0,0,0,0,0,0,62,The Princess Diaries 2: Royal Engagement
912,57,59,88,41,47,27,41,The Bucket List
913,44,20,49,19,15,31,47,Monster-in-Law
914,14,15,16,17,17,27,33,Prisoners
915,30,36,31,27,23,25,31,Coach Carter
916,16,25,9,25,24,16,28,"Yours, Mine and Ours"
917,0,0,0,0,38,20,20,Kicking & Screaming
918,28,20,27,22,26,29,37,The Hitchhiker's Guide to the Galaxy
919,43,38,32,55,61,45,36,Fat Albert
920,24,33,31,33,30,39,42,Resident Evil: Extinction
921,23,26,30,29,32,34,43,Blended
922,22,49,40,25,57,41,50,Last Holiday
923,32,31,30,32,34,35,39,Savages
924,59,50,37,47,71,76,67,Cellular
925,20,25,25,26,29,33,51,The Ant Bully
926,42,64,72,47,38,39,47,Across the Universe
927,56,71,60,54,44,44,76,Revolutionary Road
928,7,8,17,6,20,11,17,16 Blocks
929,16,29,34,35,33,30,32,Babylon A.D.
930,11,14,18,20,18,15,23,Aliens in the Attic
931,52,52,40,54,64,66,93,The Producers
932,43,43,41,35,37,42,47,Dredd
933,38,49,52,29,23,33,31,The Ghost Writer
934,38,21,35,27,29,37,40,Miracle at St. Anna
935,35,57,81,39,40,27,28,Curse of the Golden Flower
936,27,24,26,22,22,25,35,Bangkok Dangerous
937,31,21,27,34,42,41,59,Love in the Time of Cholera
938,65,82,84,51,42,52,49,Johnny English Reborn
939,18,21,24,26,31,32,37,Argo
940,35,38,42,34,36,47,61,The Bounty Hunter
941,46,26,54,27,20,41,54,Underworld: Evolution
942,9,10,10,12,17,17,30,Victor Frankenstein
943,26,44,32,31,27,30,40,Unleashed
944,28,26,31,25,34,35,35,Charlie St. Cloud
945,16,20,20,22,19,24,32,The Mechanic
946,17,19,21,19,21,28,31,21 Jump Street
947,16,22,11,18,19,25,24,Along Came Polly
948,93,36,32,36,37,33,44,The Heat
949,18,24,26,21,31,32,33,Here Comes the Boom
950,23,23,26,29,36,41,48,Red Riding Hood
951,14,19,12,16,18,20,20,Lord of War
952,46,49,55,44,39,41,45,Hero
953,25,23,24,26,30,53,59,One for the Money
954,20,42,27,18,12,11,16,The Interview
955,29,18,37,24,18,24,32,The Warrior's Way
956,66,92,47,62,28,47,32,Micmacs
957,20,24,31,29,33,34,42,Man on a Ledge
958,15,13,21,26,32,33,37,The Big Year
959,33,31,31,23,23,23,24,American Hustle
960,28,39,36,26,25,25,37,The Proposal
961,38,40,43,42,50,51,58,Lucy
962,25,27,24,24,29,41,63,Fifty Shades of Grey
963,88,87,68,77,100,25,28,Cheaper by the Dozen
964,36,43,51,34,30,33,34,Lone Survivor
965,8,10,11,12,13,17,34,The Conjuring 2
966,27,28,28,28,28,31,33,The Social Network
967,25,16,32,11,26,34,31,He's Just Not That Into You
968,27,35,39,32,35,37,50,Scary Movie 4
969,17,20,19,17,19,21,33,Get Hard
970,37,20,47,34,26,32,53,Julie & Julia
971,56,58,58,59,62,61,66,42
972,11,11,15,13,16,19,36,Dumb and Dumber To
973,10,15,9,7,12,17,25,Eight Below
974,11,12,15,15,20,24,36,The Intern
975,12,17,17,15,17,22,30,Ride Along 2
976,15,19,17,23,21,22,25,Sin City
977,13,16,23,21,22,25,29,Vantage Point
978,13,10,12,12,15,11,34,"I Love You, Man"
979,6,16,0,15,10,10,16,Big Momma's House 2
980,14,15,15,19,23,25,37,Unbroken
981,42,39,37,35,33,35,43,17 Again
982,35,32,32,29,37,41,47,The Other Woman
983,22,27,31,32,27,33,34,The Final Destination
984,10,11,12,14,13,16,32,Bridge of Spies
985,9,12,13,16,23,17,29,Get Him to the Greek
986,51,71,51,30,15,32,56,Shall We Dance
987,25,23,27,18,27,55,39,The Lincoln Lawyer
988,35,34,36,40,38,44,50,Unknown
989,15,16,15,19,18,19,30,The Prestige
990,12,13,18,26,27,26,34,Horrible Bosses 2
991,9,12,14,12,14,17,22,Escape from Planet Earth
992,25,25,29,24,33,24,39,Apocalypto
993,24,28,34,31,36,42,58,Predators
994,24,21,20,0,0,16,60,Secret Window
995,33,26,19,35,37,46,61,The Lake House
996,19,43,20,20,23,43,36,The Skeleton Key
997,25,23,26,31,29,31,36,The Odd Life of Timothy Green
998,20,21,20,25,25,23,35,Made of Honor
999,26,24,32,27,30,33,47,Jersey Boys
1000,15,15,24,9,34,23,0,Aliens vs. Predator: Requiem
1001,25,28,35,45,49,42,40,Music and Lyrics
1002,16,14,19,23,18,27,43,The Guilt Trip
1003,18,21,25,24,32,43,50,Scream 4
1004,39,36,38,39,74,53,50,Sex Tape
1005,15,19,24,21,25,32,40,Final Destination 5
1006,33,46,22,33,0,48,59,Fever Pitch
1007,14,14,19,14,25,35,36,Drillbit Taylor
1008,26,25,27,28,31,43,58,A Million Ways to Die in the West
1009,12,8,6,4,4,5,5,Extremely Loud & Incredibly Close
1010,28,34,33,36,32,42,42,Morning Glory
1011,30,41,27,40,50,43,47,Get Rich or Die Tryin'
1012,61,56,57,58,59,64,65,Rent
1013,38,42,40,34,34,44,52,The Other Boleyn Girl
1014,13,21,16,29,22,26,38,The Reaping
1015,51,51,56,62,66,66,64,Colombiana
1016,54,30,62,44,76,69,76,Torque
1017,25,30,27,26,34,37,46,Marie Antoinette
1018,34,37,44,38,45,45,40,The Impossible
1019,27,16,24,34,35,30,29,Fantastic Mr. Fox
1020,35,43,48,44,31,24,29,New York Minute
1021,41,34,33,33,38,43,44,Big Miracle
1022,0,21,0,0,0,16,0,Cirque du Freak: The Vampire's Assistant
1023,9,10,10,12,17,17,30,Victor Frankenstein
1024,15,18,22,14,15,16,33,Soul Men
1025,16,17,21,22,27,22,37,Pandorum
1026,77,86,86,63,67,79,77,Sunshine
1027,11,20,21,19,20,18,27,A Thousand Words
1028,4,7,7,6,8,9,15,Delgo
1029,9,13,14,11,15,16,31,The Gunman
1030,0,0,0,0,0,0,54,Alex Rider: Operation Stormbreaker
1031,23,20,20,19,18,19,30,Disturbia
1032,9,33,25,26,24,27,14,The Warlords
1033,59,69,86,55,39,41,57,Snowpiercer
1034,16,32,33,39,38,16,45,A Monster in Paris
1035,93,72,74,83,0,74,100,The Last Shot
1036,6,6,0,3,7,11,6,Baahubali: The Beginning
1037,18,18,26,18,27,28,46,The Time Traveler's Wife
1038,11,18,11,22,21,23,33,Because I Said So
1039,29,29,35,31,31,35,39,Frankenweenie
1040,19,17,23,22,28,34,35,Serenity
1041,96,21,40,26,12,100,25,Against the Ropes
1042,23,19,21,25,36,27,53,Grudge Match
1043,94,100,80,59,40,43,50,Red Cliff
1044,27,26,24,21,29,29,36,The Ugly Truth
1045,79,80,77,43,43,53,41,The Grandmaster
1046,25,21,30,40,40,40,48,Water for Elephants
1047,0,49,0,58,0,0,48,Dragon Nest: Warriors' Dawn
1048,10,17,15,13,13,18,28,Paul Blart: Mall Cop 2
1049,99,100,81,68,56,68,63,Precious
1050,25,29,37,27,29,34,50,Riddick
1051,17,35,22,28,38,43,38,City of Ember
1052,89,80,91,80,72,65,61,The Master
1053,37,37,26,43,30,24,16,Virgin Territory
1054,59,59,64,60,58,64,80,The Express
1055,28,36,34,25,24,27,39,The 5th Wave
1056,25,31,34,41,40,36,41,Creed
1057,31,31,36,34,37,41,48,The Town
1058,25,6,46,5,37,32,24,What to Expect When You're Expecting
1059,14,23,21,19,26,24,29,Burn After Reading
1060,10,23,20,14,28,23,25,Nim's Island
1061,78,87,83,67,63,69,69,Rush
1062,15,22,24,20,24,27,31,Cop Out
1063,16,17,16,15,23,26,32,How to Be Single
1064,16,23,19,20,18,25,28,Dolphin Tale
1065,30,36,37,32,37,40,49,Twilight
1066,10,9,13,9,16,17,36,We're the Millers
1067,0,0,0,0,0,41,0,Obitaemyy ostrov
1068,19,18,13,18,20,27,32,Hot Tub Time Machine
1069,12,18,20,14,16,18,27,Dolphin Tale 2
1070,48,49,48,49,48,51,60,Aloha
1071,17,23,29,28,26,28,33,The Rite
1072,14,19,24,24,23,47,39,Space Chimps
1073,14,11,14,15,14,21,30,The Hangover
1074,11,14,18,19,19,23,28,Ip Man 3
1075,45,32,27,17,51,46,56,There Be Dragons
1076,33,30,34,45,45,34,45,The Blind Side
1077,17,14,14,13,19,25,36,Horrible Bosses
1078,17,19,23,25,29,26,31,True Grit
1079,26,28,25,17,32,26,37,The Devil Wears Prada
1080,18,18,13,15,14,18,27,Identity Thief
1081,100,75,67,67,61,64,62,21
1082,10,14,14,14,20,26,41,Trainwreck
1083,6,13,4,11,12,16,16,Guess Who
1084,14,27,24,17,32,18,34,Sky High
1085,39,47,50,39,29,32,53,Secretariat
1086,22,33,34,28,39,38,46,TMNT
1087,28,34,36,36,40,45,52,Friends with Benefits
1088,4,8,7,8,16,12,7,Neighbors 2: Sorority Rising
1089,39,56,51,35,31,25,37,Saving Mr. Banks
1090,18,15,14,17,21,22,22,This Is 40
1091,21,17,30,32,32,43,44,Old Dogs
1092,30,25,35,28,28,37,44,Underworld: Rise of the Lycans
1093,22,23,22,35,34,37,23,License to Wed
1094,12,26,13,13,17,19,13,The Benchwarmers
1095,37,45,48,18,39,36,29,Must Love Dogs
1096,0,10,29,29,0,24,0,The Ladykillers
1097,22,33,37,32,34,35,49,Max Payne
1098,52,48,51,56,53,54,58,In Time
1099,23,31,25,11,49,76,52,The Back-up Plan
1100,0,98,0,0,0,0,0,Something Borrowed
1101,57,50,52,59,40,67,67,The Nativity Story
1102,28,35,29,22,35,44,45,House of Wax
1103,23,28,29,34,32,34,43,Closer
1104,38,38,40,38,47,44,54,J. Edgar
1105,36,40,54,40,49,54,56,Mirrors
1106,15,10,13,13,19,20,21,Untraceable
1107,37,45,39,52,0,32,37,Jersey Girl
1108,19,15,40,32,41,34,58,Alex Cross
1109,30,38,35,44,44,31,32,Heist
1110,16,35,27,12,35,22,40,Nanny McPhee Returns
1111,10,14,19,18,13,9,19,The X Files: I Want to Believe
1112,28,16,23,18,21,12,52,Ella Enchanted
1113,16,15,18,17,38,39,45,Concussion
1114,30,25,26,21,23,29,39,Abduction
1115,48,47,52,51,46,60,42,Valiant
1116,32,23,30,27,30,32,38,Superhero Movie
1117,21,19,47,21,22,32,51,Broken City
1118,18,23,23,21,21,21,29,Cursed
1119,16,12,14,15,23,29,45,Premium Rush
1120,23,22,18,20,22,31,39,Hot Pursuit
1121,77,77,80,78,78,77,74,Parker
1122,85,64,70,51,74,61,67,Wimbledon
1123,26,12,30,14,30,23,23,Furry Vengeance
1124,75,86,92,100,75,80,74,Bait
1125,22,23,19,19,21,31,37,Lions for Lambs
1126,16,21,20,30,0,15,33,Walk Hard: The Dewey Cox Story
1127,81,100,93,44,52,45,59,The Young Victoria
1128,15,14,19,17,20,26,41,Whiteout
1129,10,9,10,15,16,17,59,The Tree of Life
1130,31,36,34,34,48,50,52,Sabotage
1131,14,20,22,24,27,40,24,Punisher: War Zone
1132,63,72,92,79,74,81,74,Zoom
1133,71,72,69,53,50,56,62,The Walk
1134,24,30,36,26,29,37,37,A Good Year
1135,47,51,55,36,42,40,55,Carnage
1136,0,38,18,53,17,18,59,Where the Truth Lies
1137,21,40,26,27,18,54,38,Cirque du Soleil: Worlds Away
1138,71,100,71,99,63,40,71,Me and Orson Welles
1139,42,57,56,76,60,58,49,The Best Offer
1140,52,100,83,55,47,34,50,Bad Lieutenant: Port of Call New Orleans
1141,34,26,18,86,21,50,25,Little White Lies
1142,56,95,21,63,58,28,35,Love Ranch
1143,36,37,0,45,0,23,0,Space Dogs
1144,27,31,32,25,23,37,48,The Counselor
1145,76,76,81,86,100,100,61,Ironclad
1146,19,28,34,13,42,29,61,Kung Fu Killer
1147,22,20,30,28,32,63,71,Red Sky
1148,39,40,37,39,39,40,46,On the Road
1149,24,33,38,42,45,44,52,Rocky Balboa
1150,3,5,9,8,12,15,25,Jane Got a Gun
1151,6,6,5,7,11,13,27,Think Like a Man Too
1152,22,25,28,15,21,29,29,Zack and Miri Make a Porno
1153,25,27,24,32,34,31,50,The Men Who Stare at Goats
1154,21,34,21,21,39,44,44,I Don't Know How She Does It
1155,17,26,22,22,23,26,47,Piranha 3D
1156,36,23,62,40,17,39,49,Beyond the Sea
1157,0,21,0,68,0,21,0,The Bridge of San Luis Rey
1158,55,54,62,67,71,64,67,Faster
1159,100,69,91,41,48,56,87,Howl's Moving Castle
1160,13,12,14,17,18,19,37,Zombieland
1161,34,34,39,45,47,38,47,King Kong
1162,19,20,28,30,31,28,55,The Ides of March
1163,80,85,84,80,77,77,85,Her
1164,23,28,34,24,41,28,52,Eddie the Eagle
1165,0,28,0,0,25,51,0,The Adventurer: The Curse of the Midas Box
1166,12,10,16,29,12,18,25,Chasing Liberty
1167,74,76,79,91,75,77,77,The Crew
1168,25,26,30,29,27,35,40,Haywire
1169,16,15,19,24,17,17,31,The Longshots
1170,54,92,100,39,24,60,29,In the Valley of Elah
1171,100,63,73,68,45,37,63,Coco Before Chanel
1172,28,25,27,24,24,25,39,Forsaken
1173,77,25,51,54,27,37,56,Chéri
1174,13,33,39,25,18,25,90,Bodyguards and Assassins
1175,21,15,17,21,22,29,29,1408
1176,17,28,25,12,14,35,58,The Water Diviner
1177,22,47,42,13,24,17,20,The Game Plan
1178,2,2,3,2,5,10,25,The Hundred-Foot Journey
1179,16,22,26,25,33,35,45,Son of God
1180,19,17,18,20,18,45,48,Derailed
1181,11,0,16,20,0,0,11,Deuce Bigalow: European Gigolo
1182,29,29,36,31,30,29,35,Delivery Man
1183,8,12,12,13,17,17,29,Victor Frankenstein
1184,11,16,21,18,15,26,37,Our Kind of Traitor
1185,25,17,29,21,29,39,47,Diary of a Wimpy Kid: Dog Days
1186,53,53,53,46,44,51,63,The Island
1187,29,30,38,34,36,26,34,Homefront
1188,48,74,53,33,31,29,34,I Heart Huckabees
1189,12,17,19,19,24,31,62,The Transporter Refueled
1190,49,65,61,44,48,43,45,The Libertine
1191,91,89,79,68,76,65,66,Black Book
1192,21,13,5,32,31,40,12,Joyeux Noel
1193,43,39,41,42,50,54,49,Hit and Run
1194,37,25,14,32,35,32,55,Mad Money
1195,15,13,16,13,18,22,37,Before I Go to Sleep
1196,41,47,39,38,54,45,31,Molière
1197,15,14,18,12,25,32,41,Out of the Furnace
1198,48,61,48,32,27,38,32,Michael Clayton
1199,67,50,50,52,29,45,46,Underdogs
1200,37,48,46,34,28,53,50,To Rome with Love
1201,0,43,43,35,0,0,0,South Park: Bigger Longer & Uncut
1202,53,66,100,44,41,34,48,Death at a Funeral
1203,10,10,12,15,16,20,14,Silver Linings Playbook
1204,16,13,12,12,13,32,30,Freedom Writers
1205,19,14,15,20,26,20,32,For Colored Girls
1206,13,22,16,20,20,25,25,Never Back Down
1207,88,68,65,50,60,57,53,Away We Go
1208,24,35,20,33,22,19,57,Swing Vote
1209,25,30,29,27,24,23,27,Tinker Tailor Soldier Spy
1210,59,67,54,60,48,71,100,The Beaver
1211,50,63,66,60,56,59,71,Pulse
1212,14,17,20,17,22,21,35,Jackass 3D
1213,23,23,22,19,21,26,34,Beverly Hills Chihuahua
1214,12,13,11,14,19,22,30,The Conjuring
1215,69,41,79,13,0,38,13,Are We There Yet?
1216,26,25,29,33,35,38,58,Tammy
1217,22,18,20,17,20,21,30,Disturbia
1218,36,13,31,13,22,32,23,Wicker Park
1219,19,23,34,44,35,26,33,White Chicks
1220,67,86,81,52,36,32,42,The Descendants
1221,28,29,35,43,39,43,47,The Last Song
1222,60,100,82,56,44,42,38,12 Years a Slave
1223,0,0,0,10,25,16,33,Why Did I Get Married Too?
1224,18,19,23,22,28,30,41,Me Before You
1225,9,7,14,11,14,20,11,Madea's Witness Protection
1226,14,17,17,17,19,26,39,Bad Moms
1227,27,31,34,22,27,25,34,Date Movie
1228,29,33,25,27,28,30,36,Selma
1229,19,18,20,15,35,25,30,Premonition
1230,16,22,22,21,27,30,41,Orphan
1231,17,25,29,20,27,30,39,Epic Movie
1232,59,63,63,58,55,60,64,Spotlight
1233,25,29,19,15,26,25,24,Lakeview Terrace
1234,10,26,23,16,32,29,48,The Grudge 2
1235,22,25,25,25,29,39,44,Man of the Year
1236,63,61,59,59,64,63,78,The American
1237,61,53,60,67,60,52,60,Vampires Suck
1238,77,79,82,82,71,77,78,Babel
1239,17,18,18,22,25,27,38,This Is Where I Leave You
1240,65,58,62,53,45,43,49,Doubt
1241,24,39,41,44,47,34,36,Team America: World Police
1242,19,18,17,24,24,30,48,Texas Chainsaw 3D
1243,24,32,35,28,30,35,46,Scary Movie 5
1244,48,48,47,45,44,42,42,Milk
1245,12,15,18,15,17,21,33,Risen
1246,11,12,5,10,6,12,13,Ghost Ship
1247,3,4,21,18,9,15,35,A Very Harold & Kumar 3D Christmas
1248,23,19,25,22,29,27,35,The Stepfather
1249,32,34,31,31,28,38,39,The Debt
1250,18,22,28,28,41,33,32,One Missed Call
1251,32,38,49,37,44,37,34,The Bank Job
1252,3,3,6,12,7,10,11,Eternal Sunshine of the Spotless Mind
1253,38,49,50,42,51,51,60,You Again
1254,27,26,36,25,29,31,45,Street Kings
1255,20,24,22,19,23,26,41,The World's End
1256,36,50,52,43,38,59,55,Nancy Drew
1257,25,29,31,27,34,37,50,Daybreakers
1258,8,7,20,27,38,35,32,She's Out of My League
1259,43,47,47,44,44,46,52,Monte Carlo
1260,21,29,33,28,30,32,38,Stay Alive
1261,22,24,26,22,21,27,31,Alpha and Omega
1262,28,37,21,18,28,28,29,The Covenant
1263,34,33,33,22,32,28,35,Stick It
1264,59,66,77,67,66,92,100,Shorts
1265,37,36,35,36,38,42,57,Nerve
1266,38,47,32,43,39,51,51,Appaloosa
1267,13,15,12,15,26,21,34,My Best Friend's Girl
1268,9,21,15,19,33,36,34,Georgia Rule
1269,17,16,16,14,21,26,33,Reign Over Me
1270,65,77,76,70,59,58,68,Into the Wild
1271,25,52,48,12,37,28,29,School for Scoundrels
1272,19,19,33,19,35,14,40,Silent Hill: Revelation 3D
1273,0,0,0,0,0,0,0,Pooh's Heffalump Movie
1274,31,50,39,25,35,37,42,Kung Fu Hustle
1275,75,100,98,74,57,70,68,The Kite Runner
1276,74,75,64,79,31,48,62,21 Grams
1277,49,59,65,55,39,37,47,Paparazzi
1278,30,36,37,32,37,40,49,Twilight
1279,33,34,36,27,24,33,32,Capitalism: A Love Story
1280,10,13,12,12,14,20,34,Secret in Their Eyes
1281,19,16,30,26,31,36,42,Disaster Movie
1282,34,49,51,50,44,49,48,Armored
1283,0,13,0,0,40,20,21,What's Your Number?
1284,29,26,35,30,31,34,48,Lockout
1285,15,52,77,47,33,47,63,Envy
1286,15,9,19,11,13,20,39,Crank: High Voltage
1287,12,10,21,21,34,47,43,One Night with the King
1288,27,0,15,14,53,34,55,The Weather Man
1289,14,13,21,20,22,25,34,Ghost Town
1290,16,19,21,17,25,19,24,12 Rounds
1291,35,35,36,35,41,47,48,Let Me In
1292,16,19,15,13,20,22,30,Be Kind Rewind
1293,23,31,46,31,32,31,32,Mrs Henderson Presents
1294,17,25,23,15,21,25,34,Triple 9
1295,42,43,40,43,38,40,55,Burnt
1296,54,70,100,60,42,31,33,Death at a Funeral
1297,14,22,22,29,22,30,30,Death Sentence
1298,0,10,0,7,15,15,30,Everybody's Fine
1299,0,0,0,0,0,0,0,Superbabies: Baby Geniuses 2
1300,0,22,0,0,16,15,15,Code Name: The Cleaner
1301,17,22,0,0,0,15,37,Connie and Carla
1302,27,31,28,23,33,36,41,Inherent Vice
1303,19,13,10,3,10,14,23,Doogal
1304,28,31,28,15,26,24,40,Battle of the Year
1305,24,18,17,15,30,34,29,An American Carol
1306,32,41,36,36,40,38,64,Machete Kills
1307,29,26,24,31,26,26,45,Strange Wilderness
1308,32,42,43,40,32,42,60,Little Boy
1309,26,28,31,46,29,25,33,A Dangerous Method
1310,75,100,83,64,49,44,31,A Scanner Darkly
1311,26,32,32,33,38,65,52,Chasing Mavericks
1312,23,32,23,24,26,38,42,Bandslam
1313,53,56,61,63,67,66,77,Birth
1314,52,55,57,28,33,34,62,A Most Violent Year
1315,28,22,36,17,32,34,56,Passchendaele
1316,82,88,40,44,77,69,91,Flash of Genius
1317,53,55,67,32,37,40,41,The Cold Light of Day
1318,59,61,65,35,32,18,48,The Brothers Bloom
1319,61,88,42,32,33,49,25,"Synecdoche, New York"
1320,54,18,36,32,37,33,54,Bon voyage
1321,32,63,57,22,52,63,54,The Proposition
1322,79,73,80,94,89,89,93,Courage
1323,42,100,44,24,24,32,65,The Children of Huang Shi
1324,6,3,9,3,0,11,8,The Oogieloves in the Big Balloon Adventure
1325,72,80,89,100,78,61,65,By the Sea
1326,65,63,75,48,43,36,36,Steamboy
1327,29,14,0,9,35,26,19,The Game of Their Lives
1328,43,57,42,49,62,90,100,All Good Things
1329,22,21,21,29,32,28,23,CJ7
1330,13,15,23,27,25,33,28,Dylan Dog: Dead of Night
1331,41,77,79,94,83,96,87,The Tempest
1332,62,46,57,69,80,88,88,Regression
1333,0,3,5,0,2,0,0,Three Kingdoms: Resurrection of the Dragon
1334,25,46,37,39,37,28,43,Shattered
1335,38,28,40,8,54,61,34,Zambezia
1336,53,36,63,43,51,40,55,Ramanujan
1337,0,0,100,0,0,0,0,Dwegons and Leprechauns
1338,15,17,52,27,42,36,45,Hands of Stone
1339,21,26,18,14,13,18,13,The Frozen Ground
1340,40,53,100,64,61,43,25,The Painted Veil
1341,27,28,0,0,0,0,0,The Baader Meinhof Complex
1342,25,40,35,31,38,43,56,Bad Teacher
1343,32,28,21,23,23,56,38,A Cinderella Story
1344,30,32,40,43,46,77,53,Scream
1345,11,6,11,8,9,20,28,I Can Do Bad All by Myself
1346,23,17,34,44,15,37,23,Fight Valley
1347,33,33,33,32,43,42,47,The Switch
1348,100,70,78,96,74,55,66,The Devil's Double
1349,19,25,21,24,27,27,39,The Crazies
1350,40,35,49,39,35,47,63,The Bounty
1351,32,31,38,50,49,53,49,The Book Thief
1352,23,32,38,25,34,35,49,Sex Drive
1353,39,44,34,36,51,40,51,Leap Year
1354,51,36,35,26,50,56,47,Take Me Home Tonight
1355,29,17,23,25,26,27,38,Won't Back Down
1356,32,44,47,42,20,15,31,Indignation
1357,22,24,23,24,40,29,41,The Amityville Horror
1358,31,28,44,29,35,43,44,Land of the Dead
1359,14,0,27,14,15,17,16,Out of Inferno
1360,14,16,20,21,24,26,29,The Invention of Lying
1361,19,28,30,23,25,27,37,Neighbors
1362,0,51,49,0,0,37,71,Borat: Cultural Learnings of America for Make Benefit Glorious Nation of Kazakhstan
1363,17,21,29,24,27,19,32,The Exorcism of Emily Rose
1364,22,21,27,25,30,37,51,Left Behind
1365,39,34,22,28,43,25,45,The Family Stone
1366,0,0,0,0,0,16,0,Barbershop 2: Back in Business
1367,16,18,20,19,22,26,48,My Big Fat Greek Wedding 2
1368,10,11,20,15,14,17,25,Diary of a Wimpy Kid: Rodrick Rules
1369,17,23,21,25,26,22,38,Prom Night
1370,21,33,25,16,27,23,26,Mean Girls
1371,40,68,33,38,47,94,38,Birdman or (The Unexpected Virtue of Ignorance)
1372,47,55,56,38,35,40,47,Blue Jasmine
1373,20,22,19,18,27,42,39,United 93
1374,34,35,34,36,31,39,44,Soul Surfer
1375,10,11,15,19,19,23,26,Observe and Report
1376,26,18,22,19,25,47,66,Love Happens
1377,36,51,55,38,70,78,67,127 Hours
1378,5,6,6,8,13,18,32,Love the Coopers
1379,4,13,7,8,12,8,4,Catch That Kid
1380,66,71,71,57,51,53,62,Steve Jobs
1381,17,17,44,53,41,31,28,"I Love You, Beth Cooper"
1382,22,21,28,26,27,33,45,Youth in Revolt
1383,35,37,38,39,54,57,67,Getaway
1384,9,9,12,7,11,12,20,And So It Goes
1385,21,20,29,6,38,38,56,Being Julia
1386,20,27,38,23,20,20,24,The Last Station
1387,34,38,34,46,52,53,65,Labor Day
1388,25,44,40,44,53,39,53,RocknRolla
1389,43,0,100,39,20,40,20,Mao's Last Dancer
1390,38,46,59,53,29,29,25,Midnight Special
1391,55,81,69,35,51,27,43,The Railway Man
1392,13,35,45,26,24,32,32,The White Ribbon
1393,100,82,83,70,54,59,65,Metallica Through the Never
1394,44,36,28,26,39,46,39,The Informers
1395,17,82,42,16,49,17,35,I Come with the Rain
1396,1,1,1,1,1,1,1,I Am Wrath
1397,88,75,75,48,64,76,68,Renaissance
1398,28,25,27,24,24,25,39,Forsaken
1399,78,79,96,73,75,59,70,Red Lights
1400,20,18,19,18,23,21,36,Superbad
1401,11,14,14,13,16,23,21,Madea Goes to Jail
1402,96,80,73,67,68,58,62,Wolves
1403,20,7,30,35,22,20,29,Step Up 2: The Streets
1404,56,70,62,47,55,41,48,Hotel Rwanda
1405,24,27,29,38,41,33,39,Hitman
1406,19,23,26,23,20,31,38,Black Nativity
1407,36,44,43,39,37,34,37,The Prince
1408,64,52,43,32,30,40,49,City of Ghosts
1409,12,11,12,19,19,16,29,Let's Be Cops
1410,34,43,45,83,41,24,23,Sideways
1411,21,25,15,18,17,26,33,Beerfest
1412,45,48,53,42,43,46,43,Hero
1413,11,10,10,11,13,18,20,The Best Man Holiday
1414,34,24,37,36,33,33,42,Smokin' Aces
1415,0,0,0,0,0,26,26,Saw 3D: The Final Chapter
1416,23,26,27,24,26,29,37,TRON: Legacy
1417,38,38,34,35,41,44,45,Beastly
1418,32,42,42,23,32,37,84,The Hills Have Eyes
1419,1,0,0,2,2,4,21,"McFarland, USA"
1420,20,30,28,26,32,20,37,Lottery Ticket
1421,49,35,32,47,62,51,51,ATL
1422,51,71,64,40,37,37,40,Pitch Perfect
1423,51,23,34,23,15,31,55,Larry the Cable Guy: Health Inspector
1424,9,8,12,14,15,19,25,Brooklyn's Finest
1425,16,23,16,26,33,48,40,My Life in Ruins
1426,20,22,14,23,23,29,50,American Dreamz
1427,14,18,6,16,25,16,26,How She Move
1428,23,22,15,16,32,31,62,Running Scared
1429,40,41,40,24,24,24,38,Bobby Jones: Stroke of Genius
1430,31,64,53,28,18,25,39,The Illusionist
1431,35,57,76,50,48,58,49,Escobar: Paradise Lost
1432,46,55,33,49,18,53,35,Southland Tales
1433,0,0,9,20,10,0,0,Dragon Hunters
1434,7,11,7,28,44,47,49,The Apparition
1435,0,0,100,0,0,0,0,Fur: An Imaginary Portrait of Diane Arbus
1436,31,64,53,28,18,25,39,The Illusionist
1437,100,72,57,42,43,52,54,Becoming Jane
1438,18,25,30,17,21,24,31,Sydney White
1439,79,70,68,100,9,14,21,House of Sand and Fog
1440,34,37,40,100,47,36,38,The Artist
1441,24,30,32,32,30,35,50,The Unborn
1442,65,76,77,55,57,52,51,Moonrise Kingdom
1443,41,48,37,42,51,56,62,The Texas Chainsaw Massacre: The Beginning
1444,10,6,7,11,12,12,27,The Young Messiah
1445,44,75,51,34,46,39,36,Pan's Labyrinth
1446,26,23,22,19,28,32,35,The Roommate
1447,20,31,18,18,25,27,25,Hot Fuzz
1448,64,64,70,61,71,71,75,The Women
1449,38,20,30,42,37,33,55,Vicky Cristina Barcelona
1450,0,0,0,0,0,0,0,Arn: The Knight Templar
1451,14,17,17,17,19,26,39,Bad Moms
1452,23,39,31,22,25,28,40,Jennifer's Body
1453,22,21,27,25,30,37,51,Left Behind
1454,54,42,54,58,59,46,50,Remember Me
1455,89,93,77,73,98,94,88,Philadelphia
1456,13,20,19,12,12,12,12,The Cookout
1457,25,26,12,20,39,35,46,Things We Lost in the Fire
1458,32,34,32,22,19,45,100,The Immigrant
1459,0,24,72,16,32,33,42,The White Countess
1460,45,45,55,57,69,53,51,Trance
1461,59,29,35,34,38,56,54,Soul Plane
1462,100,57,54,56,51,50,50,Good
1463,17,22,34,23,29,67,38,Enter the Void
1464,85,100,90,66,64,60,57,Vamps
1465,0,41,20,0,31,16,32,Hachi: A Dog's Tale
1466,8,7,16,32,27,12,21,The Homesman
1467,18,43,48,50,45,39,39,Slow Burn
1468,54,47,38,43,50,30,53,Slither
1469,35,30,19,28,26,30,42,The King's Speech
1470,47,18,15,15,0,28,0,The Yellow Handkerchief
1471,78,33,64,7,30,27,26,Tidal Wave
1472,11,17,19,20,16,19,25,The Imitation Game
1473,23,36,30,30,30,31,45,Diary of a Wimpy Kid
1474,53,56,52,54,58,66,65,Mama
1475,15,20,19,17,24,32,42,Bad Grandpa
1476,7,0,9,13,34,34,28,Why Did I Get Married?
1477,25,27,28,26,27,28,40,The Woman in Black
1478,21,26,20,20,19,20,34,When a Stranger Calls
1479,20,19,24,26,29,31,39,Snitch
1480,20,26,24,30,32,36,45,Krampus
1481,14,13,22,15,23,21,25,End of Watch
1482,48,51,50,49,47,50,61,Aloha
1483,32,42,53,89,100,68,67,The Theory of Everything
1484,17,13,14,26,40,21,53,Halloween II
1485,71,72,81,60,65,64,67,Wild
1486,23,23,26,30,27,32,41,The Last House on the Left
1487,15,16,29,19,27,33,31,The Wedding Date
1488,18,27,25,24,28,32,52,Clash of the Titans
1489,12,16,22,21,25,22,44,The Great Debaters
1490,87,92,83,84,83,84,87,Drive
1491,7,26,15,21,38,20,11,Confessions of a Teenage Drama Queen
1492,18,23,27,23,27,31,39,28 Weeks Later
1493,15,15,17,14,21,21,33,When the Game Stands Tall
1494,9,27,13,17,17,35,85,Because of Winn-Dixie
1495,21,19,22,16,17,20,34,All About Steve
1496,76,100,86,75,73,61,64,Match Point
1497,20,31,28,25,37,40,40,Ramona and Beezus
1498,15,61,0,28,29,0,14,The Hills Have Eyes II
1499,20,22,23,20,22,26,39,Keanu
1500,18,19,22,27,30,28,39,Country Strong
1501,69,88,76,50,36,42,49,The Place Beyond the Pines
1502,14,14,12,11,12,12,16,The November Man
1503,83,83,88,55,59,64,49,The Hurt Locker
1504,14,15,14,12,18,29,27,Killing Them Softly
1505,65,88,76,34,30,29,37,A Most Wanted Man
1506,0,0,0,0,0,0,0,The Pirates Who Don't Do Anything: A VeggieTales Movie
1507,75,70,64,52,50,49,64,U2 3D
1508,46,28,54,46,67,65,76,Idlewild
1509,53,59,56,65,63,66,71,One Day
1510,28,30,32,20,44,44,48,Whip It
1511,79,80,86,82,86,79,86,The Muse
1512,41,41,42,25,24,18,61,De-Lovely
1513,22,31,42,34,27,33,41,The Man with the Iron Fists
1514,15,30,40,11,36,30,36,Raise Your Voice
1515,29,25,39,32,38,38,44,Black Snake Moan
1516,51,38,45,45,38,28,48,A Mighty Heart
1517,37,41,63,53,58,23,46,Hoot
1518,58,92,34,53,36,44,25,In Bruges
1519,13,20,14,19,30,25,30,Peeples
1520,26,24,29,27,26,33,42,The Rocker
1521,27,20,33,26,35,52,53,Post Grad
1522,47,47,42,37,52,44,44,Promised Land
1523,61,59,71,46,44,75,92,Whatever Works
1524,18,12,18,13,21,8,4,Three Burials
1525,81,100,79,53,60,39,14,Kiss Kiss Bang Bang
1526,30,31,38,32,41,41,48,Blood and Chocolate
1527,36,61,42,21,25,35,29,You Will Meet a Tall Dark Stranger
1528,67,83,91,60,48,73,100,Never Let Me Go
1529,53,100,69,54,39,30,54,Transsiberian
1530,69,98,80,54,57,58,60,Funny Games
1531,75,67,72,84,78,94,92,Listening
1532,27,15,46,13,42,53,60,District B13
1533,0,34,40,39,0,0,0,Ong-bak 2
1534,21,20,20,22,21,25,25,Centurion
1535,41,44,72,100,20,15,36,The Midnight Meat Train
1536,27,22,22,58,64,74,83,Winnie Mandela
1537,0,61,0,31,0,0,16,The Son of No One
1538,32,60,33,44,52,73,79,The Good Night
1539,34,46,15,22,25,26,26,Khumba
1540,67,100,73,48,42,34,32,Automata
1541,19,31,15,21,25,34,36,Shinjuku Incident
1542,23,20,24,24,27,33,49,Magic Mike XXL
1543,21,23,44,14,7,22,53,Sarah's Key
1544,81,87,100,97,87,70,62,Freedom
1545,26,39,0,0,22,45,47,Manderlay
1546,9,9,16,18,12,13,17,Slumdog Millionaire
1547,21,19,22,17,19,21,54,Broken Horses
1548,20,29,34,27,30,37,50,My Bloody Valentine
1549,31,31,34,33,31,40,55,The Possession
1550,19,18,19,29,27,37,34,Stomp the Yard
1551,12,11,11,16,21,18,27,Good Deeds
1552,34,39,61,62,67,68,64,White Fang
1553,22,21,23,28,32,20,25,Superstar
1554,70,87,92,62,66,74,72,The Iron Lady
1555,47,36,50,53,29,36,59,An American Haunting
1556,13,18,20,18,30,42,43,A Perfect Getaway
1557,14,15,20,17,18,42,47,Our Family Wedding
1558,16,16,19,17,25,34,31,I Think I Love My Wife
1559,28,27,29,29,28,37,42,Fun Size
1560,39,52,30,47,36,29,37,The Diving Bell and the Butterfly
1561,28,30,34,26,21,27,21,Little Children
1562,22,24,16,18,36,37,35,Catch a Fire
1563,47,64,63,37,26,29,22,Easy Virtue
1564,3,11,6,7,5,7,6,Mr. Turner
1565,0,20,43,27,53,60,40,Wild Grass
1566,0,0,0,2,3,1,1,Reign of Assassins
1567,16,19,31,47,47,35,43,The Lucky Ones
1568,65,73,83,76,87,75,71,Margaret
1569,38,52,64,23,42,12,43,Stan Helsing
1570,52,51,56,48,27,44,32,Flipped
1571,55,58,73,57,49,44,34,Brokeback Mountain
1572,20,23,24,25,29,32,42,Teenage Mutant Ninja Turtles
1573,12,15,17,20,17,19,37,Hot Tub Time Machine 2
1574,23,21,22,22,27,34,42,Seven Psychopaths
1575,88,84,64,83,0,49,60,Downfall
1576,14,0,19,100,19,10,24,The Sea Inside
1577,19,27,21,19,27,27,42,Under the Skin
1578,11,24,100,65,44,84,46,The Last Godfather
1579,35,35,38,32,31,51,53,Justin Bieber: Never Say Never
1580,48,54,53,49,55,45,47,Black Swan
1581,12,12,18,19,16,16,27,Miracles from Heaven
1582,29,28,26,27,25,22,33,St. Vincent
1583,8,10,11,14,16,19,25,About Last Night
1584,15,10,12,25,26,26,46,The Shallows
1585,15,5,16,29,30,22,23,The Butterfly Effect
1586,22,25,27,34,34,31,49,This Christmas
1587,87,87,77,100,41,63,42,No Good Deed
1588,22,24,23,29,42,37,32,The Mist
1589,22,24,22,16,15,19,26,Ex Machina
1590,16,11,16,16,24,27,41,Earth to Echo
1591,58,70,68,33,24,18,17,Letters from Iwo Jima
1592,27,21,20,26,18,21,21,The Astronaut Farmer
1593,87,97,95,98,87,86,84,Room
1594,38,20,29,34,33,59,32,21 & Over
1595,38,0,0,0,0,0,0,"Paris, je t'aime"
1596,30,20,34,33,25,40,47,Resurrecting the Champ
1597,80,74,75,87,100,93,74,Admission
1598,47,49,58,49,57,57,59,Chloe
1599,79,89,84,84,76,73,71,Brothers
1600,11,15,15,5,10,52,85,Find Me Guilty
1601,70,100,76,60,45,53,60,The Perks of Being a Wallflower
1602,87,69,68,74,83,84,100,Infamous
1603,4,6,4,8,7,10,14,The Vatican Tapes
1604,52,38,67,51,49,92,90,Attack the Block
1605,26,30,65,58,33,61,100,In the Land of Blood and Honey
1606,60,59,75,67,67,64,68,The Call
1607,22,21,23,23,17,21,25,Operation Chromite
1608,44,71,77,60,41,33,39,I Love You Phillip Morris
1609,95,85,87,92,92,92,93,Womb
1610,62,84,75,80,100,95,80,The Killer Inside Me
1611,24,23,28,22,20,40,40,Sorority Row
1612,95,100,53,48,43,29,26,Lars and the Real Girl
1613,42,47,80,58,69,39,37,The Boy in the Striped Pajamas
1614,39,53,65,32,44,39,39,Solitary Man
1615,27,27,28,24,27,42,55,Machete
1616,57,100,84,51,46,27,54,Casino Jack
1617,17,26,35,32,23,33,26,The Perfect Game
1618,3,13,13,11,8,6,20,Ernest & Celestine
1619,20,16,12,15,17,21,26,Think Like a Man
1620,17,19,20,20,21,23,27,Act of Valor
1621,27,27,22,29,29,27,41,Step Up
1622,12,10,15,18,22,11,19,Harold & Kumar Escape from Guantanamo Bay
1623,40,37,39,42,47,55,62,Chronicle
1624,11,11,12,15,17,16,25,Project X
1625,21,24,30,21,28,33,42,Quarantine
1626,56,59,55,57,64,52,63,The Eye
1627,0,17,9,7,13,9,30,Johnson Family Vacation
1628,25,26,29,26,36,44,45,Casino Royale
1629,51,55,64,64,57,66,77,Katy Perry: Part of Me
1630,18,20,25,26,31,36,49,The Fault in Our Stars
1631,23,21,21,25,35,32,36,Top Five
1632,34,42,56,50,44,32,42,Philomena
1633,22,29,41,63,16,16,34,The Upside of Anger
1634,23,31,40,28,24,27,36,Aquamarine
1635,25,30,30,27,32,36,50,Paper Towns
1636,0,0,0,0,0,47,0,My Baby's Daddy
1637,100,89,89,82,79,78,79,Nebraska
1638,72,76,56,45,53,53,60,Young Adult
1639,35,35,41,37,32,43,34,Crank
1640,15,23,17,18,19,30,28,Just Wright
1641,34,43,68,43,24,30,32,Rachel Getting Married
1642,62,42,59,52,33,60,34,Girl with a Pearl Earring
1643,69,83,86,66,59,60,68,About Time
1644,54,56,57,42,36,36,39,House of Flying Daggers
1645,7,6,9,10,11,11,18,Arbitrage
1646,7,11,12,16,13,20,32,Project Almanac
1647,18,13,16,14,33,39,35,Cadillac Records
1648,70,58,61,69,63,57,84,Screwed
1649,27,34,100,67,48,56,30,For Your Consideration
1650,75,77,58,48,40,41,70,Running with Scissors
1651,40,65,52,41,37,32,30,Two Lovers
1652,29,33,40,36,40,46,61,The Host
1653,12,17,11,12,12,15,14,Ravenous
1654,46,17,30,23,23,35,15,Charlie Bartlett
1655,67,100,78,56,50,30,35,The Great Beauty
1656,32,32,29,30,39,39,50,Stoker
1657,18,24,26,34,21,38,40,2046
1658,18,49,100,32,32,32,56,Married Life
1659,22,100,16,30,20,20,33,Duma
1660,32,26,35,28,28,36,57,Ondine
1661,41,70,83,63,32,53,49,The Life Before Her Eyes
1662,46,43,100,49,20,32,20,Darling Companion
1663,88,93,69,73,93,95,94,Trade
1664,25,0,0,0,0,0,51,Fateless
1665,0,0,10,25,0,9,9,City of Life and Death
1666,89,92,95,92,88,84,88,Home
1667,0,0,0,0,0,0,0,Legend of Kung Fu Rabbit
1668,0,1,0,0,1,0,1,5 Days of War
1669,75,68,88,86,89,89,88,Triangle
1670,24,49,26,43,56,24,24,10 Days in a Madhouse
1671,19,20,24,27,28,33,49,Heaven Is for Real
1672,0,0,0,59,100,66,56,Dancin' It's On
1673,45,34,25,63,31,22,44,The Cry of the Owl
1674,0,0,0,0,6,6,0,A Tale of Three Cities
1675,12,17,22,17,20,24,39,Dirty Grandpa
1676,70,71,59,74,72,75,71,Trash
1677,13,30,22,12,21,23,29,High School Musical 3: Senior Year
1678,44,46,40,32,43,43,48,The Fighter
1679,17,10,3,2,15,11,23,Jackass Number Two
1680,20,24,25,28,30,35,46,If I Stay
1681,91,90,89,86,89,87,95,Drive Hard
1682,19,48,48,70,27,27,10,St. Trinian's
1683,12,15,21,23,23,38,58,Saw VI
1684,24,29,34,25,42,36,44,The Secret Life of Bees
1685,78,74,78,86,88,79,73,Brooklyn
1686,75,93,90,49,67,61,68,Quartet
1687,55,55,51,44,35,35,40,Woman in Gold
1688,100,28,63,49,31,41,38,Kinsey
1689,70,55,53,34,54,25,41,Vera Drake
1690,56,73,86,66,54,60,59,Inside Llewyn Davis
1691,89,87,85,96,93,86,79,O
1692,0,0,44,22,15,31,46,Copying Beethoven
1693,28,28,32,25,40,74,44,Brighton Rock
1694,27,35,34,27,28,24,41,Saw V
1695,71,80,89,91,76,79,80,LOL
1696,10,27,16,100,62,33,44,Jindabyne
1697,31,28,31,39,28,31,57,Kabhi Alvida Naa Kehna
1698,5,16,19,18,16,31,100,The Last Days on Mars
1699,55,59,50,54,42,51,68,Darkness
1700,19,32,32,20,23,26,44,In the Land of Women
1701,0,66,100,0,0,0,0,The Blue Butterfly
1702,13,16,16,13,13,17,27,Housefull
1703,12,7,5,17,43,48,68,September Dawn
1704,0,0,0,0,0,0,0,For Greater Glory: The True Story of Cristiada
1705,6,15,15,20,45,32,25,La Famille Bélier
1706,12,6,10,15,13,14,16,Misconduct
1707,36,38,36,23,28,32,39,Saw III
1708,7,10,11,12,12,19,50,The Purge: Election Year
1709,94,97,71,66,59,66,58,Precious
1710,24,24,27,21,33,32,39,Saw IV
1711,29,23,36,29,32,35,50,White Noise
1712,22,15,15,0,20,0,0,Madea's Family Reunion
1713,29,30,27,22,24,29,34,The Grudge
1714,79,86,99,52,41,52,56,The Best Exotic Marigold Hotel
1715,42,49,47,41,42,45,52,The Boy
1716,51,55,57,48,50,59,62,Devil
1717,13,14,23,21,27,34,48,Insidious: Chapter 3
1718,4,11,11,24,24,12,21,Nick and Norah's Infinite Playlist
1719,43,35,40,22,24,33,45,Employee of the Month
1720,18,20,20,24,25,34,43,Pete's Dragon
1721,15,18,19,18,23,26,41,Sinister 2
1722,29,26,29,27,34,32,44,Sparkle
1723,18,21,29,29,30,32,37,The Fourth Kind
1724,9,25,37,37,28,48,40,A Prairie Home Companion
1725,14,9,18,16,18,17,23,Roll Bounce
1726,35,35,39,35,39,41,50,Skyline
1727,19,31,21,21,19,24,36,The Second Best Exotic Marigold Hotel
1728,51,0,0,37,0,76,0,Kit Kittredge: An American Girl
1729,43,51,13,31,46,51,56,The Perfect Man
1730,78,100,92,75,67,74,67,Mud
1731,35,42,37,41,37,47,63,One Direction: This Is Us
1732,54,68,0,0,48,0,50,"The Goods: Live Hard, Sell Hard"
1733,32,29,33,22,25,20,25,My Week with Marilyn
1734,27,33,37,19,16,32,23,The Matador
1735,20,21,23,23,23,29,41,The Gift
1736,25,28,18,26,30,53,46,End of the Spear
1737,30,37,42,41,36,49,55,Big Eyes
1738,13,10,20,13,29,47,36,Sleepover
1739,18,18,26,21,28,33,42,MacGruber
1740,19,27,36,27,26,27,43,Movie 43
1741,18,20,25,21,33,37,38,The Tourist
1742,17,19,20,26,29,51,48,Over Her Dead Body
1743,11,11,11,13,25,25,50,Seeking a Friend for the End of the World
1744,87,93,84,89,82,79,85,Cedar Rapids
1745,61,70,71,63,69,66,69,The Collection
1746,36,34,40,27,38,36,41,Bad Words
1747,31,37,0,42,24,25,25,"Run, Fatboy, Run"
1748,47,81,44,23,27,60,62,Rescue Dawn
1749,33,31,29,31,17,27,36,Danny Collins
1750,0,0,7,0,5,11,5,"Jeff, Who Lives at Home"
1751,73,100,83,80,78,65,70,I Am Love
1752,0,0,0,0,0,0,0,Atlas Shrugged II: The Strike
1753,52,74,37,23,23,55,64,Peaceful Warrior
1754,28,24,56,38,74,47,32,Bucky Larson: Born to Be a Star
1755,37,42,36,36,40,41,49,The Forest
1756,64,100,40,35,39,37,28,While We're Young
1757,96,89,91,100,69,69,58,A Better Life
1758,2,2,0,1,3,3,2,Gun Shy
1759,33,27,38,52,46,62,71,The Iceman
1760,8,16,24,15,8,27,31,Krrish
1761,10,9,8,14,10,16,21,Killer Joe
1762,72,54,85,39,35,27,20,The Joneses
1763,12,15,31,17,16,21,10,The Brothers Solomon
1764,25,0,19,34,22,19,39,My Blueberry Nights
1765,16,21,21,15,15,15,31,"War, Inc."
1766,64,74,100,78,36,43,37,Rosewater
1767,20,28,28,28,27,42,49,Coriolanus
1768,0,19,0,0,17,0,0,Imaginary Heroes
1769,0,17,100,93,39,66,26,World's Greatest Dad
1770,49,58,19,41,50,56,57,Severance
1771,67,55,64,66,82,88,88,Edmond
1772,31,51,45,29,37,33,12,Welcome to the Rileys
1773,16,20,5,8,12,15,42,Blood Done Sign My Name
1774,0,0,0,0,0,0,0,"Cinco de Mayo, La Batalla"
1775,11,13,25,21,42,26,27,Elsa & Fred
1776,47,0,45,22,11,32,33,The Open Road
1777,41,71,67,69,79,100,85,The Good Guy
1778,79,80,97,76,75,90,83,Motherhood
1779,71,52,26,57,51,47,85,Free Style
1780,1,0,0,1,3,4,6,Strangerland
1781,0,53,27,0,0,0,0,The Janky Promoters
1782,44,38,35,39,29,35,60,Blonde Ambition
1783,49,46,46,56,33,77,57,The Oxford Murders
1784,90,69,79,67,91,73,88,The Reef
1785,58,27,44,71,65,29,15,Eulogy
1786,49,58,0,0,81,39,0,White Noise 2: The Light
1787,0,3,0,2,2,0,0,You Got Served: Beat the World
1788,72,40,92,83,73,46,66,Fifty Dead Men Walking
1789,0,0,0,0,0,0,0,Jungle Shuffle
1790,0,0,63,0,0,47,48,Adam Resurrected
1791,50,51,89,70,79,17,100,Of Horses and Men
1792,20,27,18,44,39,26,39,It's a Wonderful Afterlife
1793,34,99,25,100,25,26,27,The Devil's Tomb
1794,68,79,83,64,67,70,61,Partition
1795,15,33,31,24,6,17,9,Good Intentions
1796,50,0,0,70,0,48,0,"The Good, the Bad, the Weird"
1797,18,15,37,40,14,23,14,Nurse 3D
1798,14,24,47,22,35,46,76,Gunless
1799,20,19,20,15,17,21,34,Adventureland
1800,38,33,63,83,34,56,31,The Lost City
1801,58,93,100,56,64,43,59,American Heist
1802,84,73,78,86,84,85,84,Plastic
1803,73,80,98,100,89,81,79,Amour
1804,0,5,0,6,8,3,8,Re-Kill
1805,42,66,68,39,56,48,50,Volver
1806,70,59,48,19,28,27,27,Gentlemen Broncos
1807,27,32,49,54,17,24,17,Into the Grizzly Maze
1808,17,19,19,19,22,24,40,Kites
1809,100,50,34,55,55,26,19,Melancholia
1810,53,62,64,62,55,70,63,Red Dog
1811,14,14,16,19,21,21,26,Jab Tak Hai Jaan
1812,65,68,68,49,48,50,67,The Runaways
1813,78,55,55,66,71,91,92,Detention
1814,36,0,0,33,33,33,0,Loose Cannons
1815,27,40,45,70,100,85,60,Sicko
1816,13,15,17,18,21,25,46,The Purge: Anarchy
1817,0,0,0,0,19,0,0,Harold & Kumar Go to White Castle
1818,35,34,40,45,49,48,55,Black Christmas
1819,0,0,0,0,38,0,0,Breakin' All the Rules
1820,47,100,75,46,34,19,32,The Savages
1821,16,18,3,19,28,30,18,The Ultimate Gift
1822,55,17,40,44,63,38,39,Trust the Man
1823,47,51,100,89,74,69,54,Hamlet 2
1824,15,18,21,9,10,36,58,The Wailing
1825,11,26,52,36,31,41,68,Glee: The 3D Concert Movie
1826,97,66,62,69,100,88,51,Barbecue
1827,33,60,59,71,53,90,85,Princess Kaiulani
1828,0,0,0,0,0,90,0,Opal Dream
1829,33,36,35,45,47,32,35,Heist
1830,38,27,13,28,33,100,32,Undiscovered
1831,23,26,33,33,40,44,55,The Girl on the Train
1832,25,60,52,100,92,60,43,Veronika Decides to Die
1833,0,0,0,0,0,0,0,"Ultramarines: A Warhammer 40,000 Movie"
1834,22,0,0,19,57,59,0,The I Inside
1835,50,43,45,31,36,55,46,Beneath Hill 60
1836,19,18,11,26,35,25,30,Polisse
1837,29,33,31,31,29,30,40,Awake
1838,10,16,11,10,11,14,18,Skin Trade
1839,35,40,36,30,49,44,33,Crazy Heart
1840,14,17,13,14,22,21,34,Baggage Claim
1841,77,100,85,55,57,44,39,The Namesake
1842,11,14,15,15,18,23,35,The DUFF
1843,30,12,35,21,12,12,23,The Haunting in Connecticut 2: Ghosts of Georgia
1844,100,0,0,0,0,0,0,Silmido
1845,78,100,62,53,53,50,41,Bright Star
1846,13,14,14,12,12,19,32,My Name Is Khan
1847,38,50,51,44,30,42,39,All Is Lost
1848,17,0,22,12,12,8,12,Namastey London
1849,82,65,78,75,12,30,15,The Wind That Shakes the Barley
1850,11,19,13,12,14,17,28,Yeh Jawaani Hai Deewani
1851,0,13,12,0,0,8,30,Valley of the Wolves: Iraq
1852,15,18,27,19,23,24,47,Nightcrawler
1853,19,21,13,16,28,19,26,Club Dread
1854,43,57,52,52,43,32,37,Little Miss Sunshine
1855,25,21,24,17,28,17,23,You Got Served
1856,20,17,16,24,31,32,42,50/50
1857,30,42,35,41,37,45,65,Shutter
1858,19,20,28,21,29,37,42,That Awkward Moment
1859,65,76,73,64,62,65,68,Kicks
1860,21,44,25,22,41,43,35,Akeelah and the Bee
1861,23,31,29,35,41,40,40,New in Town
1862,15,36,44,33,26,27,21,Syriana
1863,33,38,30,30,58,41,39,Bon Cop Bad Cop
1864,80,0,33,50,51,100,26,The Boondock Saints II: All Saints Day
1865,0,28,0,69,0,25,0,The City of Your Final Destination
1866,77,93,81,43,39,33,51,Enough Said
1867,28,33,32,32,34,39,44,Easy A
1868,69,70,63,64,66,63,64,Prom
1869,18,19,19,17,23,26,45,Howards End
1870,93,96,95,87,59,51,52,Anomalisa
1871,64,72,61,38,51,41,46,Another Year
1872,47,24,15,27,26,38,53,It's Kind of a Funny Story
1873,17,19,19,31,26,20,35,Made in Dagenham
1874,38,51,51,0,0,0,0,When Did You Last See Your Father?
1875,0,34,0,0,0,33,66,The Secret of Kells
1876,47,60,57,54,46,57,57,Begin Again
1877,87,0,0,41,41,0,0,Down in the Valley
1878,33,35,45,88,0,31,63,Brooklyn Rules
1879,73,72,52,73,75,74,76,Restless
1880,83,73,91,70,94,87,73,Fido
1881,0,65,0,0,100,0,0,The Wendell Baker Story
1882,15,29,51,39,46,54,72,Wild Target
1883,69,50,51,73,81,76,69,Pathology
1884,0,0,0,0,79,0,70,10th & Wolf
1885,0,0,0,0,33,34,68,Dear Wendy
1886,74,64,51,72,81,79,81,Aloft
1887,52,50,37,0,67,0,0,The Death and Life of Bobby Z
1888,11,3,3,2,0,0,0,Swelter
1889,59,18,36,44,87,35,30,My Lucky Star
1890,0,54,19,18,37,24,0,Imagine Me & You
1891,10,10,7,5,6,9,19,Mr. Church
1892,77,59,88,0,0,0,48,Green Street 3: Never Back Down
1893,12,7,7,11,11,15,10,Code of Honor
1894,7,7,7,7,24,16,34,Far from Men
1895,52,83,53,22,28,24,48,Thank You for Smoking
1896,19,22,28,19,31,28,42,Hostel: Part II
1897,21,31,29,25,93,73,46,An Education
1898,56,53,31,24,22,26,55,Shopgirl
1899,5,35,22,23,32,16,37,Witless Protection
1900,15,0,21,27,26,94,14,The Work and the Glory
1901,57,62,56,64,58,73,79,Extract
1902,41,20,0,24,35,61,25,Code 46
1903,0,18,26,14,36,7,45,Outside Bet
1904,14,11,16,18,24,22,16,Albert Nobbs
1905,16,42,50,64,29,64,42,Black November
1906,10,15,10,15,10,15,20,Ta Ra Rum Pum
1907,56,66,65,49,46,40,43,Persepolis
1908,44,46,45,43,46,45,50,The Wave
1909,26,35,30,27,29,45,52,The Neon Demon
1910,62,67,58,38,35,23,27,Harry Brown
1911,21,38,37,34,40,37,39,Spider-Man 3
1912,31,31,43,43,45,38,40,Juno
1913,20,37,32,25,16,25,22,Pound of Flesh
1914,80,87,98,71,62,65,60,500 Days of Summer
1915,20,15,14,20,30,36,46,Magic Mike
1916,16,20,16,25,24,36,46,"Definitely, Maybe"
1917,16,15,18,14,15,22,33,Jumping the Broom
1918,36,30,31,35,41,43,52,The Great Gatsby
1919,0,0,0,0,0,0,0,"Good Night, and Good Luck."
1920,9,15,24,28,43,33,30,Capote
1921,31,35,42,33,51,28,51,The Descent
1922,8,8,12,10,14,67,75,Devil's Due
1923,28,42,36,40,39,32,48,The Devil's Rejects
1924,73,69,72,66,60,69,62,Dope
1925,74,83,85,55,46,44,52,Skyfall
1926,66,72,61,48,40,40,44,A Serious Man
1927,63,77,64,53,51,49,54,Get Low
1928,15,13,14,14,16,20,29,Beyond the Lights
1929,27,41,48,34,81,62,58,A Single Man
1930,0,30,58,0,37,0,19,Bride & Prejudice
1931,0,0,0,0,0,0,67,Who's Your Caddy?
1932,15,45,44,44,0,42,49,Veer-Zaara
1933,38,45,20,31,38,25,34,Redbelt
1934,87,96,100,78,74,78,73,Cyrus
1935,59,100,72,54,50,34,37,Factory Girl
1936,19,15,28,31,27,31,30,We Need to Talk About Kevin
1937,2,8,8,11,12,17,16,The Christmas Candle
1938,19,34,19,32,48,36,48,The Mighty Macs
1939,63,92,49,90,42,60,30,Mother and Child
1940,82,100,96,64,66,68,68,Somewhere
1941,37,37,30,42,38,51,59,I Hope They Serve Beer in Hell
1942,81,84,61,53,57,33,75,Hesher
1943,100,91,71,65,49,55,42,Dom Hemingway
1944,25,25,25,41,31,28,49,Freeheld
1945,34,77,58,75,46,54,20,The Extra Man
1946,22,0,25,38,42,85,42,Hard to Be a God
1947,42,68,100,13,78,39,67,Ca$h
1948,0,0,32,22,40,0,21,Wah-Wah
1949,21,18,15,21,38,42,17,Z Storm
1950,24,18,12,34,43,23,39,Twixt
1951,47,20,24,47,76,68,55,Stargate: The Ark of Truth
1952,18,23,26,22,25,27,29,High School Musical 2
1953,0,28,26,0,47,24,0,Two Lovers and a Bear
1954,2,0,1,1,2,2,2,Criminal Activities
1955,34,36,0,94,33,32,0,The Chumscrubber
1956,91,63,72,49,62,79,87,Shade
1957,19,26,25,26,26,28,35,House at the End of the Street
1958,6,13,9,9,7,18,21,Incendies
1959,0,32,0,71,72,0,25,Perrier's Bounty
1960,39,20,30,43,28,28,22,Elite Squad
1961,13,16,18,17,22,30,44,Annabelle
1962,40,27,30,4,16,58,48,Bran Nue Dae
1963,47,82,37,26,35,36,24,Friends with Money
1964,80,100,87,69,70,71,69,Shame
1965,42,54,35,59,21,31,48,Layer Cake
1966,83,92,85,81,82,82,75,The East
1967,0,0,19,18,12,59,0,A Home at the End of the World
1968,44,39,49,35,37,37,42,The Messenger
1969,100,92,90,70,61,72,66,Tracker
1970,94,90,87,73,76,89,92,Control
1971,62,73,56,60,53,60,59,The Damned United
1972,21,28,19,27,32,35,53,Fahrenheit 9/11
1973,64,88,72,61,48,49,44,The Wrestler
1974,22,9,38,7,40,66,73,Daddy Day Camp
1975,36,27,26,24,100,46,39,The Last King of Scotland
1976,61,54,61,61,71,83,81,The Words
1977,51,49,43,25,37,43,49,Casa de mi Padre
1978,75,85,77,79,74,72,70,City Island
1979,50,54,48,64,65,43,68,The Guard
1980,81,65,64,92,94,90,91,College
1981,12,15,17,16,26,19,31,Miss March
1982,89,100,63,64,63,51,54,Wish I Was Here
1983,85,40,100,81,56,64,63,Goddess of Love
1984,69,100,95,79,62,81,63,The Wackness
1985,56,73,75,90,77,69,79,The Greatest
1986,6,2,5,13,14,5,4,Snow Flower and the Secret Fan
1987,0,0,0,32,0,0,32,Come Early Morning
1988,56,36,36,27,25,38,76,"Surfer, Dude"
1989,9,31,9,19,30,26,43,Lake of Fire
1990,19,29,29,34,50,17,0,11:14
1991,0,0,0,0,100,0,34,Don McKay
1992,84,100,76,41,28,19,24,Deadfall
1993,0,0,0,0,0,0,0,A Shine of Rainbows
1994,2,1,1,2,4,3,2,The Hit List
1995,63,66,80,82,57,67,72,Song One
1996,0,0,0,12,61,51,29,Freaky Deaky
1997,0,0,0,0,0,0,11,Trade of Innocents
1998,58,51,56,46,42,58,51,Crossover
1999,24,28,29,24,24,26,32,Khiladi 786
2000,16,18,17,18,24,24,32,[Rec] 2
2001,22,31,28,35,32,45,51,Standing Ovation
2002,30,13,43,24,43,48,40,Diary of a Mad Black Woman
2003,26,31,36,26,32,43,58,Don Jon
2004,84,86,93,92,85,93,100,Iris
2005,33,57,54,31,20,25,25,The Chorus
2006,79,84,78,86,88,89,89,Le Havre
2007,69,72,44,72,67,66,75,R100
2008,20,26,20,15,14,14,16,Rang De Basanti
2009,90,82,88,94,97,97,100,Animals
2010,11,13,27,20,25,15,32,Salvation Boulevard
2011,70,74,72,67,84,70,69,The Ten
2012,58,33,51,77,64,64,57,Headhunters
2013,26,20,18,24,25,23,26,Grabbers
2014,0,51,48,0,0,0,63,Saint Ralph
2015,28,32,18,42,42,100,58,Miss Julie
2016,12,19,17,12,10,18,43,Dum Maaro Dum
2017,7,15,18,12,15,19,30,Insidious: Chapter 2
2018,22,20,12,20,23,32,30,Saw II
2019,12,14,19,20,22,36,51,10 Cloverfield Lane
2020,12,14,16,15,17,21,39,Lights Out
2021,13,18,19,20,21,29,42,Paranormal Activity 3
2022,21,33,45,30,32,37,50,Ouija
2023,20,20,22,24,23,29,40,The Gift
2024,55,99,100,87,53,41,37,Instructions Not Included
2025,21,24,28,26,28,40,56,Paranormal Activity 4
2026,86,89,86,92,81,75,77,Monster
2027,15,11,12,18,19,38,47,Paranormal Activity: The Marked Ones
2028,87,88,100,52,56,73,80,Dallas Buyers Club
2029,8,11,8,9,16,18,37,The Lazarus Effect
2030,34,39,36,32,37,36,47,Oculus
2031,19,5,22,24,18,27,42,Clerks II
2032,70,88,73,47,52,48,60,The Way Way Back
2033,17,15,13,19,17,18,38,Our Idiot Brother
2034,59,70,67,56,58,56,58,Race
2035,89,86,86,94,92,87,79,O
2036,2,3,4,2,4,9,24,"As Above, So Below"
2037,31,38,36,40,39,44,53,Addicted
2038,11,16,18,14,11,11,12,Still Alice
2039,39,47,45,38,40,47,57,Spring Breakers
2040,40,42,54,32,32,30,37,Shaun of the Dead
2041,18,26,29,31,30,30,45,The Haunting of Molly Hartley
2042,25,26,36,34,28,33,38,Apollo 18
2043,50,100,64,36,31,21,26,Sunshine Cleaning
2044,18,20,18,16,20,21,31,No Escape
2045,14,14,16,13,17,19,34,Fifty Shades of Black
2046,7,10,10,20,25,27,32,Not Easily Broken
2047,4,7,4,6,14,13,23,The Perfect Match
2048,0,0,73,100,11,0,29,The Barbarian Invasions
2049,21,8,25,32,39,44,41,Grandma's Boy
2050,46,53,53,49,51,49,49,Moon
2051,47,100,33,23,21,14,7,Keeping Up with the Steins
2052,0,0,0,0,0,0,0,Sea Rex 3D: Journey to a Prehistoric World
2053,49,70,95,61,40,35,35,Of Gods and Men
2054,50,43,100,32,45,17,23,Bottle Shock
2055,11,11,18,18,18,30,38,90 Minutes in Heaven
2056,61,77,93,61,48,57,33,Everything Must Go
2057,63,100,52,41,33,26,26,The Machinist
2058,8,6,7,6,11,27,27,Kill the Messenger
2059,50,55,49,38,79,88,50,Rabbit Hole
2060,55,61,62,37,45,42,42,Green Room
2061,36,48,70,33,65,50,67,The Oh in Ohio
2062,0,0,0,0,0,0,0,"Gandhi, My Father"
2063,42,67,44,43,22,59,71,Standard Operating Procedure
2064,20,41,25,48,20,19,60,Tucker and Dale vs Evil
2065,0,0,0,0,0,0,0,"Lovely, Still"
2066,0,25,24,23,16,8,31,Decoys
2067,21,29,30,30,28,33,42,The Visit
2068,12,12,12,12,60,73,94,Redacted
2069,28,34,31,29,24,28,25,Area 51
2070,46,54,67,55,62,60,22,Sleep Tight
2071,48,40,51,46,44,36,56,The Cottage
2072,42,81,44,40,68,74,100,Dead Like Me: Life After Death
2073,52,69,73,100,40,32,77,Farce of the Penguins
2074,50,0,38,41,48,14,51,Flying By
2075,96,95,70,66,70,34,45,Rudderless
2076,0,0,49,0,0,0,0,Henry & Me
2077,1,1,1,1,1,1,1,Christmas Eve
2078,0,2,0,4,2,2,2,We Have Your Husband
2079,3,6,7,3,5,4,4,Dying of the Light
2080,41,41,52,26,43,26,18,Born of War
2081,9,14,14,16,33,27,67,Yoga Hosers
2082,78,55,72,100,52,26,43,Navy Seals vs. Zombies
2083,0,0,100,0,69,0,0,I Served the King of England
2084,12,24,22,20,16,24,29,Soul Kitchen
2085,49,66,61,60,54,59,65,The Awakening
2086,35,32,41,39,39,38,49,Hostel
2087,0,0,0,0,0,0,0,Tristram Shandy: A Cock and Bull Story
2088,34,40,79,46,42,26,32,Take Shelter
2089,61,55,67,35,27,58,29,Driving Lessons
2090,5,0,0,6,0,0,0,Let's Kill Ward's Wife
2091,20,13,17,16,22,19,17,Only God Forgives
2092,0,0,0,0,49,0,32,Camping sauvage
2093,55,62,44,48,49,43,41,Without Men
2094,79,75,84,74,61,66,59,Barfi
2095,34,34,65,0,60,31,32,Dear Frankie
2096,39,39,27,65,47,100,38,The Names of Love
2097,70,60,61,42,48,12,10,Treading Water
2098,13,33,32,18,30,42,60,Savage Grace
2099,11,13,15,16,18,26,29,Moms' Night Out
2100,21,4,18,9,23,23,32,Saving Private Perez
2101,0,12,0,9,0,0,0,Life During Wartime
2102,0,50,0,30,31,31,32,Lady Vengeance
2103,0,0,0,0,0,0,0,Mozart's Sister
2104,57,0,60,39,27,40,0,Exiled
2105,68,38,60,53,77,64,64,Blackthorn
2106,29,19,100,94,38,35,32,After.Life
2107,41,49,48,38,37,46,52,Fugly
2108,10,15,13,12,14,13,20,Airlift
2109,100,86,80,44,23,18,14,Falcon Rising
2110,47,40,55,42,38,30,34,The Sweeney
2111,15,14,16,14,18,19,31,Paa
2112,60,67,69,71,68,72,76,Pan
2113,3,10,9,8,4,6,7,High School Musical
2114,24,61,61,26,53,36,30,Night Watch
2115,30,72,91,77,59,39,54,Survival of the Dead
2116,46,53,53,37,33,36,42,Exodus: Gods and Kings
2117,51,37,39,40,88,29,12,Hansel & Gretel Get Baked
2118,18,21,20,23,23,29,38,The Boy Next Door
2119,71,90,83,49,55,57,45,The Kids Are All Right
2120,12,0,0,5,11,17,40,The Last Exorcism Part II
2121,61,80,83,60,64,63,62,Boyhood
2122,20,29,14,28,18,0,28,The Cooler
2123,18,23,13,19,11,39,33,The Night Listener
2124,23,32,27,22,21,26,32,My Soul to Take
2125,76,56,60,28,40,35,45,The Orphanage
2126,20,25,21,17,19,32,43,A Haunted House 2
2127,29,28,19,19,19,16,30,Let's Go to Prison
2128,47,43,100,33,42,29,14,You Kill Me
2129,45,16,39,25,30,51,30,Thumbsucker
2130,35,60,68,59,57,60,68,Red State
2131,60,10,100,74,80,49,43,Mirrormask
2132,50,49,51,62,53,50,39,Samsara
2133,26,36,29,39,68,70,66,The Art of Getting By
2134,63,60,71,67,62,60,60,Zipper
2135,10,12,13,22,12,15,24,Holy Motors
2136,61,89,91,89,92,86,71,Trust
2137,82,83,86,77,84,73,56,Adore
2138,42,67,72,63,60,61,84,Stake Land
2139,27,30,30,50,100,25,25,Futuro Beach
2140,2,12,5,100,44,31,31,Another Happy Day
2141,95,58,0,47,91,20,60,A Lonely Place to Die
2142,57,65,72,60,72,53,52,Nothing
2143,0,0,0,0,0,0,0,The Geographer Drank His Globe Away
2144,62,46,53,35,86,70,57,Inescapable
2145,20,0,50,0,0,19,0,Purple Violets
2146,32,43,33,30,22,26,35,The Veil
2147,84,66,98,74,59,49,76,The Loved Ones
2148,48,62,43,39,29,30,41,How to Fall in Love
2149,49,49,51,52,0,29,49,The Perfect Wave
2150,30,100,0,0,28,0,43,Desert Dancer
2151,49,86,93,59,55,71,56,Down for Life
2152,15,16,20,21,26,32,83,Four Lions
2153,50,0,0,0,0,0,0,House of Sand
2154,48,56,86,100,52,56,44,Defendor
2155,91,86,91,84,88,69,65,The Good Heart
2156,36,6,12,46,17,35,32,The History Boys
2157,35,34,36,40,38,44,50,Unknown
2158,16,13,15,13,6,13,10,Chain of Command
2159,21,26,29,25,26,33,39,The Witch
2160,6,7,7,5,9,15,27,The Secret in Their Eyes
2161,88,92,83,81,84,83,96,Train
2162,4,2,2,2,2,1,2,Sharknado
2163,43,0,0,0,0,0,0,Trollhunter
2164,0,0,0,0,0,0,0,Ira & Abby
2165,55,70,74,64,59,56,62,The Watch
2166,63,69,99,49,63,62,31,Winter Passing
2167,40,22,22,14,64,57,52,D.E.B.S.
2168,100,30,72,39,26,45,26,The Masked Saint
2169,0,26,56,38,38,0,0,The Betrayed
2170,99,65,65,85,67,61,59,2:13
2171,0,85,0,89,0,0,0,"Batman: The Dark Knight Returns, Part 2"
2172,63,12,46,25,54,25,96,Time to Choose
2173,100,88,54,59,48,50,21,Wicked Blood
2174,32,19,15,13,18,18,30,Dawn Patrol
2175,34,17,69,18,41,61,34,Lords of London
2176,35,57,53,29,33,30,51,March of the Penguins
2177,3,3,2,3,6,4,6,Margin Call
2178,46,46,47,38,56,58,61,Choke
2179,44,49,59,71,62,47,48,Whiplash
2180,99,90,49,42,47,78,39,City of God
2181,89,68,69,75,74,70,68,Day One
2182,14,22,20,19,20,27,14,The Dead Girl
2183,89,83,88,86,91,86,73,The Hunt
2184,35,30,42,35,37,40,34,The Class
2185,41,50,38,45,43,22,52,Maria Full of Grace
2186,88,80,82,89,81,82,77,Beginners
2187,56,67,77,99,61,61,62,Feast
2188,18,21,20,13,17,17,83,Antiviral
2189,18,21,24,25,24,33,48,Paranormal Activity 2
2190,25,26,29,23,31,35,53,The Purge
2191,34,34,33,25,28,35,41,Sinister
2192,0,0,0,30,29,10,20,Dave Chappelle's Block Party
2193,12,12,8,9,12,12,9,Slow West
2194,15,12,20,15,21,22,32,Next Day Air
2195,0,17,8,6,22,22,46,Phat Girlz
2196,66,70,71,55,49,46,59,Before Midnight
2197,61,30,0,36,18,18,37,Woman Thou Art Loosed
2198,85,77,86,92,94,94,94,Water
2199,62,73,43,42,36,34,43,Please Give
2200,77,100,88,67,57,55,43,Frances Ha
2201,49,79,31,59,59,32,33,Tsotsi
2202,32,40,36,36,34,43,67,Tusk
2203,35,33,31,35,39,38,47,Oldboy
2204,25,23,26,31,31,34,43,Letters to God
2205,53,88,94,100,69,59,61,Hobo with a Shotgun
2206,51,77,90,56,56,58,66,Fish Tank
2207,28,81,93,57,56,28,24,Damsels in Distress
2208,63,67,70,62,64,85,69,Bachelorette
2209,0,0,19,0,7,7,23,Brave New Girl
2210,0,20,7,5,5,5,17,Tim and Eric's Billion Dollar Movie
2211,8,10,11,12,14,17,27,The Gambler
2212,51,0,0,79,0,47,0,Summer Storm
2213,100,72,82,34,67,94,79,Fort McCoy
2214,79,64,51,49,29,39,50,Chain Letter
2215,55,64,77,55,59,59,84,The Divide
2216,25,25,30,27,22,23,22,The Eclipse
2217,42,55,49,45,63,61,51,Demonic
2218,0,0,76,0,0,0,50,My Big Fat Independent Movie
2219,29,28,31,27,30,35,45,Alice in Wonderland
2220,18,39,50,28,12,12,31,Tanner Hall
2221,70,84,86,56,60,82,65,Open Road
2222,37,52,64,46,52,77,48,They Came Together
2223,4,100,48,50,78,68,29,30 Nights of Paranormal Activity with the Devil Inside the Girl with the Dragon Tattoo
2224,0,0,0,0,100,0,0,Four Single Fathers
2225,5,0,0,5,5,3,13,Enter the Dangerous Mind
2226,18,13,14,15,11,12,23,Something Wicked
2227,44,0,74,85,42,0,0,AWOL-72
2228,25,29,26,24,25,29,43,Cinderella
2229,0,51,0,0,0,39,41,Chicago Overcoat
2230,48,63,37,0,0,0,0,Barry Munday
2231,44,85,96,53,37,48,55,Close Range
2232,99,34,100,45,44,22,0,Boynton Beach Club
2233,40,45,50,38,26,30,41,Amnesiac
2234,40,20,35,35,64,20,37,Freakonomics
2235,36,47,20,38,66,38,60,High Tension
2236,37,47,56,68,45,38,43,Unnatural
2237,27,34,17,17,17,34,32,Hustle & Flow
2238,62,100,66,61,34,32,27,Diary of the Dead
2239,40,16,0,10,25,15,36,Lage Raho Munna Bhai
2240,17,17,15,22,16,21,34,Sardaar Ji
2241,0,0,62,0,45,47,0,Journey to Saturn
2242,88,74,95,100,96,97,84,Ida
2243,19,4,8,13,27,26,84,Beer League
2244,89,30,61,62,53,97,54,Riding Giants
2245,100,0,0,0,0,0,32,Timecrimes
2246,0,100,14,10,10,31,32,Timber Falls
2247,8,0,0,0,0,0,0,"Fat, Sick & Nearly Dead"
2248,22,26,24,23,20,25,29,A Haunted House
2249,10,24,66,30,16,29,32,2016: Obama's America
2250,23,17,10,26,46,19,43,Halloween II
2251,10,11,12,15,16,31,44,Kevin Hart: Let Me Explain
2252,40,56,56,36,44,41,58,Garden State
2253,0,72,0,0,0,0,0,Sur le seuil
2254,64,60,100,35,70,12,25,Saving Face
2255,86,42,40,48,50,52,46,Brick Lane
2256,24,41,60,100,79,16,96,Robot & Frank
2257,59,70,67,44,44,42,39,The Spectacular Now
2258,15,15,19,24,36,69,71,Religulous
2259,81,85,85,88,90,92,93,Fuel
2260,0,0,0,0,38,19,39,Dodgeball: A True Underdog Story
2261,14,0,0,0,0,18,25,Eye of the Dolphin
2262,0,0,25,0,0,81,0,8: The Mormon Proposition
2263,10,4,23,4,7,7,3,The Other End of the Line
2264,0,0,0,0,0,0,0,Sleep Dealer
2265,70,78,78,69,67,69,71,Super
2266,16,16,17,16,16,18,16,Christmas Mail
2267,49,51,48,65,45,52,49,Stung
2268,7,4,4,5,5,8,8,Antibirth
2269,7,5,15,14,16,42,36,Thr3e
2270,52,28,48,50,44,48,19,Idiocracy
2271,22,30,45,61,85,50,36,The Rise of the Krays
2272,12,36,19,22,29,27,38,This Is England
2273,0,0,0,0,0,0,0,Alien Uprising
2274,45,45,40,45,59,100,87,The Calling
2275,9,6,12,21,17,13,17,The Last Sin Eater
2276,0,1,2,3,3,6,30,Do You Believe?
2277,6,2,5,5,5,4,5,Impact Point
2278,96,100,92,91,91,90,90,Eden
2279,83,0,0,25,0,100,0,Chicken Tikka Masala
2280,0,0,0,0,7,7,21,Always Woodstock
2281,46,47,0,0,0,0,0,Jack Brooks: Monster Slayer
2282,66,57,46,70,57,62,54,Mi America
2283,48,49,49,57,59,55,50,[Rec]
2284,29,17,11,52,12,15,34,Lies in Plain Sight
2285,18,19,20,24,15,17,30,Containment
2286,62,76,100,68,57,44,70,The Timber
2287,17,26,24,15,34,49,50,It Follows
